OR 0,ALS 161
ALS 150,ALS 161
ALS 151,ALS 161
ALS 150,OR 0
ALS 151,OR 0
OR 1,ALS 162
ALS 150,ALS 162
ALS 151,ALS 162
ALS 150,OR 1
ALS 151,OR 1
BA 211,OR 2
BA 211H,OR 2
OR 3,ACTG 317
OR 2,ACTG 317
BA 213,OR 3
BA 213H,OR 3
ACTG 317,ACTG 318
ACTG 318,ACTG 319
ACTG 317,ACTG 321
BA 211,OR 4
BA 211H,OR 4
OR 5,ACTG 326
OR 4,ACTG 326
BA 213,OR 5
BA 213H,OR 5
BA 213,OR 6
BI 213H,OR 6
OR 8,ACTG 378
OR 7,ACTG 378
OR 6,ACTG 378
BA 270,OR 7
BA 270H,OR 7
BA 302,OR 7
BA 275,OR 8
BA 275H,OR 8
BA 276,OR 8
BA 213,OR 9
BA 213H,OR 9
OR 11,ACTG 378H
OR 10,ACTG 378H
OR 9,ACTG 378H
BA 270,OR 10
BA 270H,OR 10
BA 302,OR 10
BA 275,OR 11
BA 275H,OR 11
BA 276,OR 11
OR 12,ACTG 379
ACTG 318,ACTG 379
ACTG 378,OR 12
ACTG 378H,OR 12
ACTG 319,ACTG 414
ACTG 319,ACTG 415
ACTG 319,ACTG 416
ACTG 319,ACTG 417
ACTG 319,ACTG 418
ACTG 319,ACTG 419
ACTG 319,OR 13
BA 372,OR 13
ACTG 378,ACTG 420
OR 13,ACTG 420
ACTG 319,ACTG 422
ACTG 321,ACTG 422
BA 357,ACTG 422
ACTG 319,ACTG 424
ACTG 325,OR 14
ACTG 424,OR 14
OR 14,ACTG 425
ACTG 319,ACTG 427
ACTG 427,ACTG 428
ACTG 516,OR 15
ACTG 517,OR 15
OR 15,ACTG 518
ACTG 518,ACTG 519
BA 528,ACTG 524
AHE 522,AHE 523
AHE 522,OR 16
AHE 523,OR 16
OR 16,AHE 524
AHE 522,OR 17
AHE 523,OR 17
AHE 524,OR 17
OR 17,AHE 525
AHE 553,AHE 533
AHE 612,OR 18
AHE 613,OR 18
AHE 614,OR 18
OR 18,AHE 615
AHE 611,AHE 616
AHE 672,AHE 673
AHE 673,AHE 674
AHE 674,AHE 675
ENGR 211,AAE 210
ME 317,OR 19
ME 317H,OR 19
OR 20,AAE 412
OR 19,AAE 412
ME 373,OR 20
ME 373H,OR 20
ASL 111,ASL 112
ASL 112,ASL 113
ASL 113,ASL 211
ASL 211,ASL 212
ASL 212,ASL 213
BI 211,OR 21
BI 211H,OR 21
CH 121,ANS 302
CH 122,ANS 302
CH 123,ANS 302
OR 23,ANS 302
OR 22,ANS 302
OR 21,ANS 302
BI 212,OR 22
BI 212H,OR 22
BI 213,OR 23
BI 213H,OR 23
BI 211,OR 24
BI 211H,OR 24
OR 25,ANS 311
OR 24,ANS 311
BI 212,OR 25
BI 212H,OR 25
BI 211,OR 26
BI 211H,OR 26
OR 27,ANS 316
OR 26,ANS 316
CH 121,OR 27
CH 221,OR 27
CH 231,OR 27
CH 231H,OR 27
ANS 316,ANS 317
BI 211,OR 28
BI 211H,OR 28
OR 29,ANS 320
OR 28,ANS 320
BI 212,OR 29
BI 212H,OR 29
ANS 220,ANS 333
BI 102,OR 30
BI 213,OR 30
OR 30,ANS 341
BI 211,OR 31
BI 212,OR 31
BI 213,OR 31
OR 31,ANS 378
BI 211,OR 32
BI 211H,OR 32
OR 34,ANS 380
OR 33,ANS 380
OR 32,ANS 380
BI 212,OR 33
BI 212H,OR 33
BI 213,OR 34
BI 213H,OR 34
BI 211,OR 35
BI 211H,OR 35
OR 38,ANS 385
OR 37,ANS 385
OR 36,ANS 385
OR 35,ANS 385
BI 212,OR 36
BI 212H,OR 36
BI 213,OR 37
BI 213H,OR 37
BI 314,OR 38
BI 314H,OR 38
BI 211,OR 39
BI 211H,OR 39
OR 41,ANS 390
OR 40,ANS 390
OR 39,ANS 390
BI 212,OR 40
BI 212H,OR 40
BI 213,OR 41
BI 213H,OR 41
ANS 316,ANS 427
ANS 317,ANS 427
ANS 220,ANS 432
ANS 316,ANS 432
ANS 439,ANS 440
BI 211,ANS 441
BI 212,ANS 441
ANS 121,ANS 446
ANS 378,OR 42
ANS 317,OR 42
ANS 313,OR 42
ANS 316,OR 42
OR 42,ANS 456
BB 551,OR 43
BB 592,OR 43
OR 43,ANS 662
ANTH 110,OR 44
ANTH 210,OR 44
OR 44,ANTH 318H
ANTH 230,ANTH 332
ANTH 110,ANTH 370
ANTH 110,ANTH 371
ANTH 110,ANTH 380H
ANTH 230,ANTH 421
ANTH 230,ANTH 422
ANTH 230,ANTH 425
ANTH 230,OR 45
ANTH 330,OR 45
OR 45,ANTH 430
ANTH 230,ANTH 435
ANTH 230,ANTH 437
ANTH 240,OR 46
ANTH 330,OR 46
OR 46,ANTH 440
ANTH 110,OR 47
ANTH 210,OR 47
ANTH 240,ANTH 441
OR 47,ANTH 441
ANTH 240,ANTH 442
ANTH 240,ANTH 443
ANTH 240,OR 48
ANTH 330,OR 48
OR 48,ANTH 444
ANTH 443,ANTH 446
ANTH 110,OR 49
ANTH 210,OR 49
OR 50,ANTH 448
OR 49,ANTH 448
ANTH 240,OR 50
ANTH 330,OR 50
ANTH 240,OR 51
ANTH 345,OR 51
ANTH 383,OR 51
OR 51,ANTH 461
ANTH 110,OR 52
ANTH 210,OR 52
OR 52,ANTH 469
ANTH 110,OR 53
ANTH 210,OR 53
OR 54,ANTH 483
OR 53,ANTH 483
ANTH 240,OR 54
ANTH 330,OR 54
ANTH 373,OR 55
ES 373,OR 55
WGSS 373,OR 55
WLC 373,OR 55
OR 56,ANTH 485
OR 55,ANTH 485
ANTH 410,OR 56
ES 410,OR 56
WGSS 410,OR 56
WLC 410,OR 56
ANTH 251,OR 57
ANTH 350,OR 57
OR 57,ANTH 487
ANTH 350,ANTH 498
AEC 250,OR 58
AEC 251,OR 58
AREC 250,OR 58
ECON 201,OR 58
ECON 201H,OR 58
OR 58,AEC 211
AEC 250,OR 59
AEC 251,OR 59
AREC 250,OR 59
ECON 201,OR 59
ECON 201H,OR 59
OR 59,AEC 221
OR 61,OR 60
OR 60,OR 60
AEC 251,OR 60
AEC 250,OR 60
AREC 250,OR 60
ECON 201,OR 61
ECON 201H,OR 61
OR 64,AEC 311
OR 62,AEC 311
OR 63,OR 63
MTH 251,OR 63
MTH 251H,OR 63
MTH 241,OR 63
OR 65,AEC 313
MTH 241,AEC 313
AEC 311,OR 65
AREC 311,OR 65
ECON 311,OR 65
AEC 250,OR 66
AREC 250,OR 66
ECON 201,OR 66
ECON 201H,OR 66
OR 66,AEC 351
AEC 250,OR 67
AREC 250,OR 67
ECON 201,OR 67
ECON 201H,OR 67
OR 67,AEC 352
OR 68,AEC 353
MTH 111,AEC 353
AEC 250,OR 68
AREC 250,OR 68
ECON 201,OR 68
ECON 201H,OR 68
AEC 211,OR 69
AREC 211,OR 69
OR 69,AEC 372
AEC 313,OR 70
AREC 313,OR 70
OR 70,AEC 434
AEC 311,OR 71
ECON 311,OR 71
OR 71,AEC 440
AEC 311,AEC 446
ST 351,AEC 446
AEC 311,AEC 448
AEC 351,AEC 448
AEC 352,AEC 448
AEC 351,OR 72
AEC 352,OR 72
AREC 351,OR 72
AREC 352,OR 72
OR 72,AEC 452
AEC 250,OR 73
AREC 250,OR 73
ECON 201,OR 73
ECON 201H,OR 73
OR 74,AEC 461
OR 73,AEC 461
AEC 300,OR 74
AREC 300,OR 74
AEC 311,OR 74
AREC 311,OR 74
ECON 311,OR 74
AEC 211,OR 75
AREC 211,OR 75
AEC 311,AEC 465
OR 75,AEC 465
OR 76,AEC 466
AEC 221,AEC 466
AEC 250,OR 76
AEC 251,OR 76
ECON 201,OR 76
AEC 512,AEC 513
AEC 513,AEC 543
AEC 512,AEC 550
AEC 550,OR 77
AREC 550,OR 77
OR 77,AEC 551
AEC 512,OR 78
AEC 513,OR 78
OR 78,AEC 611
AEC 611,AEC 612
AEC 612,AEC 613
AEC 525,AEC 625
AEC 625,AEC 626
AEC 611,AEC 640
AEC 612,AEC 640
AEC 625,AEC 640
AEC 613,AEC 643
AEC 626,AEC 643
AEC 611,AEC 651
AEC 513,OR 79
AREC 513,OR 79
OR 80,AEC 652
OR 79,AEC 652
AEC 525,OR 80
AREC 525,OR 80
AEC 513,AEC 653
AEC 525,AEC 653
WR 121,AJ 311
AJ 311,AJ 312
AJ 311,AJ 313
AJ 312,AJ 313
AJ 311,AJ 490
ART 115,ART 215
ART 121,ART 222
ART 131,ART 234
ART 115,ART 271
ART 131,ART 271
ART 131,ART 281
ART 117,ART 291
ART 131,ART 331
ART 234,ART 331
ART 234,ART 334
ART 340,ART 341
ART 263,ART 345
ART 263,ART 347
ART 263,ART 348
ART 222,ART 349
ART 263,ART 349
ART 291,ART 351
ART 263,ART 354
ART 345,ART 354
ART 101,ART 375
ART 115,ART 375
ART 131,ART 375
ART 271,ART 375
ART 101,ART 376
ART 115,ART 376
ART 131,ART 376
ART 271,ART 376
ART 101,ART 377
ART 115,ART 377
ART 131,ART 377
ART 271,ART 377
ART 101,ART 378
ART 115,ART 378
ART 131,ART 378
ART 271,ART 378
ART 115,ART 379
ART 281,ART 381
ART 234,ART 381
ART 281,ART 382
ART 101,ART 383
ART 115,ART 383
ART 131,ART 383
ART 281,ART 383
ART 281,ART 384
ART 281,ART 385
ART 291,ART 391
ART 101,OR 81
WR 121,OR 81
ART 200,ART 400
ART 206,ART 400
OR 81,ART 400
WSE 210,ART 413
WSE 211,ART 413
ART 341,ART 441
ART 345,ART 443
ART 345,ART 444
ART 263,ART 446
ART 345,ART 446
ART 263,ART 447
ART 347,ART 447
ART 354,ART 454
ART 340,ART 456
ART 345,ART 456
ART 347,ART 456
ART 101,ART 475
ART 115,ART 475
ART 131,ART 475
ART 271,ART 475
ART 379,ART 479
ART 101,ART 481
ART 115,ART 481
ART 131,ART 481
ART 281,ART 481
ART 391,ART 491
ATS 201,OR 82
ATS 320,OR 82
OR 82,ATS 295
ATS 201,ATS 301
ST 351,ATS 301
MTH 251,OR 83
MTH 251H,OR 83
OR 85,ATS 310
OR 84,ATS 310
OR 83,ATS 310
PH 201,OR 84
PH 201H,OR 84
PH 211,OR 84
PH 211H,OR 84
CH 231H,OR 85
CH 231,OR 85
CH 121,OR 85
PH 212H,OR 85
PH 212,OR 85
PH 202H,OR 85
PH 202,OR 85
MTH 254,OR 86
MTH 254H,OR 86
OR 87,ATS 411
OR 86,ATS 411
PH 213,OR 87
PH 213H,OR 87
MTH 254,OR 88
MTH 254H,OR 88
OR 90,ATS 412
OR 89,ATS 412
OR 88,ATS 412
MTH 256,OR 89
MTH 256H,OR 89
PH 213,OR 90
PH 213H,OR 90
ATS 310,OR 91
ME 311,OR 91
ME 311H,OR 91
BEE 311,OR 91
CE 311,OR 91
OR 91,ATS 417
ATS 301,ATS 441
ATS 420,ATS 441
MTH 254,OR 92
MTH 254H,OR 92
OR 93,ATS 475
OR 92,ATS 475
PH 213,OR 93
PH 213H,OR 93
ATS 515,ATS 516
OEAS 530,ATS 517
OEAS 530,OR 94
ATS 520,OR 94
OR 94,ATS 541
ATS 515,OR 95
OC 670,OR 95
OR 95,ATS 615
OR 96,BB 314
CH 334,OR 96
CH 331,OR 96
OR 97,BB 314H
CH 334,OR 97
CH 331,OR 97
BB 314,OR 98
BB 314H,OR 98
OR 98,BB 315
BI 211,OR 99
BI 211H,OR 99
OR 101,BB 317
OR 100,BB 317
OR 99,BB 317
BI 212,OR 100
BI 212H,OR 100
BI 213,OR 101
BI 213H,OR 101
CH 122,OR 102
CH 202,OR 102
CH 222,OR 102
CH 225H,OR 102
OR 102,BB 331
CH 331,BB 350
CH 332,BB 350
BI 211,OR 103
BI 211H,OR 103
OR 107,BB 360
OR 106,BB 360
OR 105,BB 360
OR 104,BB 360
OR 103,BB 360
BI 212,OR 104
BI 212H,OR 104
BI 213,OR 105
BI 213H,OR 105
CH 233,OR 106
CH 233H,OR 106
CH 263,OR 107
CH 263H,OR 107
BB 360,BB 361
CH 332,OR 108
CH 336,OR 108
OR 108,BB 450
BB 450,OR 109
BB 450H,OR 109
OR 109,BB 451
BB 314,OR 110
BI 314,OR 110
BI 314H,OR 110
BB 451,OR 110
BB 492,OR 110
OR 110,BB 460
BB 450,OR 111
BB 490,OR 111
OR 111,BB 481
BB 481,BB 482
CH 442,BB 482
BB 482,OR 112
BB 582,OR 112
OR 112,BB 483
BB 314,OR 113
BB 314H,OR 113
OR 113,BB 485
BB 314,OR 114
BB 314H,OR 114
OR 115,BB 486
OR 114,BB 486
BB 492,OR 115
BB 451,OR 115
CH 332,OR 116
CH 336,OR 116
OR 116,BB 490
BB 490,OR 117
BB 590,OR 117
OR 117,BB 491
BB 490,OR 118
BB 590,OR 118
OR 119,BB 492
OR 118,BB 492
BB 491,OR 119
BB 591,OR 119
BB 451,OR 120
BB 451H,OR 120
BB 492,BB 493
OR 120,BB 493
BB 493,OR 121
BB 593,OR 121
BB 315,OR 121
BI 315,OR 121
OR 121,BB 494
BB 581,BB 582
BB 582,BB 583
BB 590,BB 591
BB 590,BB 592
BB 591,BB 592
OR 122,BHS 316
MB 230,BHS 316
BI 204,OR 122
BI 205,OR 122
BI 204,OR 123
BI 205,OR 123
BI 206,OR 123
OR 123,BHS 320
BB 450,BHS 323
OR 124,BHS 323
MB 302,BHS 323
BB 314,OR 124
BB 314H,OR 124
BI 211,OR 125
BI 211H,OR 125
OR 126,BHS 329
OR 125,BHS 329
BI 212,OR 126
BI 212H,OR 126
BI 204,OR 127
BI 205,OR 127
BI 206,OR 127
OR 128,BHS 340
OR 127,BHS 340
BI 211,OR 128
BI 212,OR 128
BI 213,OR 128
BI 211,OR 129
BI 211H,OR 129
OR 130,BEE 221
OR 129,BEE 221
MTH 256,OR 130
MTH 256H,OR 130
PH 212,OR 131
PH 212H,OR 131
OR 133,BEE 311
OR 132,BEE 311
OR 131,BEE 311
MTH 254,OR 132
MTH 254H,OR 132
ENGR 211,OR 133
ENGR 211H,OR 133
BEE 311,OR 134
CE 311,OR 134
CHE 331,OR 134
CHE 331H,OR 134
OR 134,BEE 312
BEE 312,BEE 313
OR 135,BEE 320
BEE 222,BEE 320
MTH 256,OR 135
MTH 256H,OR 135
BEE 320,BEE 322
BEE 312,BEE 361
FE 257,BEE 411
BEE 312,OR 136
CE 313,OR 136
OR 136,BEE 433
ENGR 391,OR 137
ENGR 391H,OR 137
OR 137,BEE 438
MTH 111,BEE 439
BEE 312,OR 138
CE 313,OR 138
OR 138,BEE 446
BEE 313,OR 139
CE 412,OR 139
OR 139,BEE 458
BEE 221,OR 140
ENVE 322,OR 140
OR 140,BEE 468
BEE 322,BEE 469
BEE 469,BEE 470
PH 201,BEE 472
OR 141,BEE 472
MTH 112,BEE 472
MTH 227,OR 141
MTH 251,OR 141
MTH 251H,OR 141
CE 512,OR 142
BEE 512,OR 142
OR 142,BEE 525
BI 231,OR 143
Z 331,OR 143
OR 144,BIOE 340
OR 143,BIOE 340
CHE 332,OR 144
CHE 332H,OR 144
BB 451H,OR 145
BB 451,OR 145
OR 146,BIOE 351
OR 145,BIOE 351
CHE 333H,OR 146
CHE 333,OR 146
CBEE 414,BIOE 415
CBEE 320,BIOE 420
BB 450,BIOE 440
BIOE 351,BIOE 445
BB 451,OR 147
BB 451H,OR 147
OR 148,BIOE 457
OR 147,BIOE 457
CHE 333,OR 148
CHE 333H,OR 148
BB 451,OR 149
BB 451H,OR 149
OR 150,BIOE 459
OR 149,BIOE 459
CHE 333,OR 150
CHE 333H,OR 150
BB 451,OR 151
BB 451H,OR 151
OR 152,BIOE 462
OR 151,BIOE 462
CHE 332,OR 152
CHE 332H,OR 152
CHE 333,OR 153
CHE 333H,OR 153
OR 153,BIOE 490
BIOE 490,BIOE 491
BIOE 491,BIOE 492
CH 201,BI 205
CH 121,BI 205
CH 201,BI 206
CH 121,BI 206
CH 224H,OR 154
CH 221,OR 154
CH 201,OR 154
CH 121,OR 154
OR 154,BI 212
CH 224H,OR 155
CH 221,OR 155
CH 201,OR 155
CH 121,OR 155
OR 155,BI 212H
CH 121,OR 156
CH 201,OR 156
CH 221,OR 156
CH 224H,OR 156
OR 156,BI 213
CH 121,OR 157
CH 201,OR 157
CH 221,OR 157
CH 224H,OR 157
OR 157,BI 213H
BI 231,BI 232
BI 231,BI 233
BI 231,BI 241
BI 241,BI 242
BI 232,BI 242
BI 231,BI 242
BI 241,BI 243
BI 233,BI 243
BI 231,BI 243
OR 158,BI 311
BI 204,OR 158
BI 205,OR 158
BI 206,OR 158
OR 159,BI 311H
BI 204,OR 159
BI 205,OR 159
BI 206,OR 159
BB 314H,BI 315
BB 314,BI 315
BI 211,OR 160
BI 211H,OR 160
OR 162,BI 317
OR 161,BI 317
OR 160,BI 317
BI 212,OR 161
BI 212H,OR 161
BI 213,OR 162
BI 213H,OR 162
BI 211,OR 163
BI 211H,OR 163
ST 352,BI 319
OR 166,BI 319
OR 165,BI 319
OR 164,BI 319
OR 163,BI 319
BI 212,OR 164
BI 212H,OR 164
BI 213,OR 165
BI 213H,OR 165
ST 351,OR 166
ST 351H,OR 166
BI 211,OR 167
BI 211H,OR 167
BI 341,BI 331
OR 170,BI 331
OR 169,BI 331
OR 168,BI 331
OR 167,BI 331
BI 212,OR 168
BI 212H,OR 168
BI 213,OR 169
BI 213H,OR 169
CH 123,OR 170
BI 331,BI 332
BI 342,BI 332
BI 332,BI 333
BI 343,BI 333
BI 101,OR 171
BI 102,OR 171
BI 211,OR 171
BI 211H,OR 171
BI 213,OR 171
BI 213H,OR 171
BI 204,OR 171
BI 150,OR 171
OR 171,BI 347
OR 172,BI 351
BI 204,OR 172
BI 205,OR 172
BI 206,OR 172
OR 173,BI 353
BI 204,OR 173
BI 205,OR 173
BI 206,OR 173
OR 176,BI 358
OR 175,OR 174
OR 174,OR 174
CH 233,OR 174
CH 233H,OR 174
CH 123,OR 174
CH 263,OR 175
CH 263H,OR 175
OR 177,BI 370
BI 204,OR 177
BI 205,OR 177
BI 206,OR 177
OR 178,BI 370H
BI 204,OR 178
BI 205,OR 178
BI 206,OR 178
BI 370,OR 179
BI 370H,OR 179
OR 179,BI 371
BI 370,OR 180
BI 370H,OR 180
BI 351,OR 180
OR 181,BI 373
OR 180,BI 373
ST 351,OR 181
ST 351H,OR 181
OR 182,BI 375
BI 204,OR 182
BI 205,OR 182
BI 206,OR 182
BI 311,OR 183
BI 311H,OR 183
BI 314,OR 183
BI 314H,OR 183
OR 183,BI 420
GEO 203,BI 427
OR 184,BI 427
BI 204,OR 184
BI 205,OR 184
BI 206,OR 184
BI 311,OR 185
BI 311H,OR 185
OR 185,BI 445
BI 311,OR 186
BI 311H,OR 186
OR 186,BI 445H
BI 370,OR 187
BI 370H,OR 187
OR 188,BI 450
OR 187,BI 450
ST 351,OR 188
ST 351H,OR 188
ST 351,OR 189
ST 351H,OR 189
OR 191,BI 456
OR 190,BI 456
OR 189,BI 456
ST 411,OR 190
ST 352,OR 190
BI 311,OR 191
BI 311H,OR 191
BI 445,OR 191
BI 445H,OR 191
BI 370,OR 192
BI 370H,OR 192
OR 192,BI 481
MTH 241,OR 193
MTH 251,OR 193
MTH 251H,OR 193
MTH 227,OR 193
OR 196,BI 483
OR 195,BI 483
OR 194,BI 483
OR 193,BI 483
ST 351,OR 194
ST 351H,OR 194
ST 411,OR 195
ST 352,OR 195
BI 311,OR 196
BI 311H,OR 196
BI 370,OR 196
BI 370H,OR 196
BI 311H,OR 197
BI 311,OR 197
OR 198,BI 485
OR 197,BI 485
BI 370H,OR 198
BI 370,OR 198
BI 370,OR 199
BI 370H,OR 199
OR 199,BI 495
OR 200,BOT 313
BI 205,OR 200
BI 206,OR 200
OR 203,BOT 331
OR 201,BOT 331
BI 205,OR 201
BI 206,OR 201
OR 202,OR 202
CH 233,OR 202
CH 263,OR 202
CH 123,OR 202
OR 204,BOT 350
BI 204,OR 204
BI 205,OR 204
BI 206,OR 204
BI 204,OR 205
BI 212,OR 205
BI 212H,OR 205
BI 213,OR 205
BI 213H,OR 205
OR 205,BOT 413
BI 311,BOT 458
BI 314,BOT 458
BI 311,OR 206
BI 311H,OR 206
OR 207,BOT 460
OR 206,BOT 460
BI 314,OR 207
BI 314H,OR 207
BI 311,OR 208
CSS 430,OR 208
BI 314,BOT 475
OR 208,BOT 475
BA 161,OR 209
BA 161H,OR 209
OR 209,BA 162
BA 161,OR 210
BA 161H,OR 210
OR 210,BA 162H
BA 167,BA 168
MTH 111,OR 211
MTH 241,OR 211
MTH 251,OR 211
MTH 251H,OR 211
OR 211,BA 211
MTH 111,OR 212
MTH 241,OR 212
MTH 251,OR 212
MTH 251H,OR 212
OR 212,BA 211H
BA 211,OR 213
BA 211H,OR 213
OR 213,BA 213
BA 211,OR 214
BA 211H,OR 214
OR 214,BA 213H
ECON 201,OR 215
ECON 201H,OR 215
OR 215,BA 223
ECON 201,OR 216
ECON 201H,OR 216
OR 216,BA 223H
BA 211,OR 217
BA 211H,OR 217
OR 218,BA 240
OR 217,BA 240
ECON 201,OR 218
ECON 201H,OR 218
BA 211,OR 219
BA 211H,OR 219
OR 220,BA 240H
OR 219,BA 240H
ECON 201,OR 220
ECON 201H,OR 220
BA 101,OR 221
BA 162,OR 221
DHE 160,OR 221
OR 222,BA 253
OR 221,BA 253
WR 222,OR 222
WR 323,OR 222
WR 327,OR 222
WR 327H,OR 222
BA 101,OR 223
BA 162,OR 223
DHE 160,OR 223
OR 224,BA 253H
OR 223,BA 253H
WR 222,OR 224
WR 323,OR 224
WR 327,OR 224
WR 327H,OR 224
BA 275,OR 225
BA 275H,OR 225
OR 225,BA 270
BA 275,OR 226
BA 275H,OR 226
OR 226,BA 270H
MTH 111,OR 227
MTH 241,OR 227
MTH 251,OR 227
MTH 251H,OR 227
OR 227,BA 275
MTH 241,OR 228
MTH 251,OR 228
MTH 251H,OR 228
MTH 111,OR 228
OR 228,BA 275H
MTH 245,OR 229
MTH 251,OR 229
MTH 251H,OR 229
OR 229,BA 276
BA 101,OR 230
BA 280,OR 230
OR 231,BA 281
OR 230,BA 281
BA 162,OR 231
BA 162H,OR 231
BA 101,OR 232
BA 280,OR 232
OR 233,BA 281H
OR 232,BA 281H
BA 162,OR 233
BA 162H,OR 233
BA 101,OR 234
BA 162,OR 234
BA 162H,OR 234
OR 234,BA 282
BA 101,OR 235
BA 162,OR 235
BA 162H,OR 235
OR 235,BA 284
BA 275,OR 236
BA 276,OR 236
OR 236,BA 302
BA 275,OR 237
BA 276,OR 237
OR 237,BA 302H
BA 230,OR 238
BA 233,OR 238
OR 239,BA 333
OR 238,BA 333
ECON 201,OR 239
ECON 201H,OR 239
BA 230,OR 240
BA 233,OR 240
OR 241,BA 333H
OR 240,BA 333H
ECON 201,OR 241
ECON 201H,OR 241
ECON 202,OR 242
ECON 202H,OR 242
OR 243,BA 347
OR 242,BA 347
BA 230,OR 243
BA 230H,OR 243
BA 330,OR 243
ECON 202,OR 244
ECON 202H,OR 244
OR 245,BA 347H
OR 244,BA 347H
BA 230,OR 245
BA 230H,OR 245
BA 330,OR 245
BA 348,BA 349
COMM 111,OR 246
COMM 111H,OR 246
COMM 114,OR 246
COMM 114H,OR 246
COMM 218,OR 246
COMM 218H,OR 246
OR 247,BA 352
OR 246,BA 352
WR 222,OR 247
WR 323,OR 247
WR 327,OR 247
WR 327H,OR 247
HC 199,OR 247
COMM 111,OR 248
COMM 111H,OR 248
COMM 114,OR 248
COMM 114H,OR 248
COMM 218,OR 248
COMM 218H,OR 248
OR 249,BA 352H
OR 248,BA 352H
WR 222,OR 249
WR 323,OR 249
WR 327,OR 249
WR 327H,OR 249
HC 199,OR 249
COMM 111,OR 250
COMM 111H,OR 250
COMM 114,OR 250
COMM 114H,OR 250
OR 251,BA 353
OR 250,BA 353
WR 222,OR 251
WR 323,OR 251
WR 327,OR 251
COMM 111,OR 252
COMM 111H,OR 252
COMM 114,OR 252
COMM 114H,OR 252
OR 253,BA 354
OR 252,BA 354
WR 222,OR 253
WR 323,OR 253
WR 327,OR 253
WR 327H,OR 253
HC 199,OR 253
COMM 111,OR 254
COMM 111H,OR 254
COMM 114,OR 254
COMM 114H,OR 254
OR 255,BA 354H
OR 254,BA 354H
WR 222,OR 255
WR 323,OR 255
WR 327,OR 255
WR 327H,OR 255
HC 199,OR 255
BA 275,OR 256
BA 275H,OR 256
BA 276,OR 256
OR 256,BA 357
BA 275,OR 257
BA 275H,OR 257
BA 276,OR 257
OR 257,BA 357H
BA 213,OR 258
BA 213H,OR 258
BA 215,OR 258
BA 215H,OR 258
BA 315,OR 258
OR 259,BA 360
OR 258,BA 360
ECON 201,OR 259
ECON 201H,OR 259
AEC 250,OR 259
AEC 250H,OR 259
BA 213,OR 260
BA 213H,OR 260
BA 215,OR 260
BA 215H,OR 260
BA 315,OR 260
OR 261,BA 360H
OR 260,BA 360H
ECON 201,OR 261
ECON 201H,OR 261
AEC 250,OR 261
AEC 250H,OR 261
BA 260,OR 262
BA 260H,OR 262
OR 262,BA 363
BA 367,BA 368
BA 270,OR 263
BA 270H,OR 263
BA 302,OR 263
OR 263,BA 370
OR 264,BA 371
BA 272,BA 371
ACTG 378,OR 264
ACTG 378H,OR 264
BA 370,OR 264
OR 265,BA 372
BA 272,BA 372
ACTG 378,OR 265
ACTG 378H,OR 265
BA 370,OR 265
BA 275,OR 266
BA 275H,OR 266
OR 266,BA 375
BA 275,OR 267
BA 275H,OR 267
OR 267,BA 375H
BA 276,BA 376
BA 101,BA 381
ECON 201,OR 268
ECON 201H,OR 268
AREC 250,OR 268
OR 268,BA 390
ECON 201,OR 269
ECON 201H,OR 269
AREC 250,OR 269
OR 269,BA 390H
BA 347,OR 270
BA 347H,OR 270
OR 270,BA 447
BA 357,OR 271
BA 357H,OR 271
OR 271,BA 451
BA 459,BA 454
MGMT 457,BA 454
BA 223,OR 272
BA 223H,OR 272
BA 390,OR 272
BA 390H,OR 272
OR 272,BA 458
BA 375,OR 273
BA 375H,OR 273
BA 451,BA 459
OR 273,BA 459
BA 260,OR 274
BA 260H,OR 274
OR 276,BA 460
OR 275,BA 460
OR 274,BA 460
BA 351,OR 275
BA 352,OR 275
BA 352H,OR 275
BA 223,OR 276
BA 223H,OR 276
BA 390,OR 276
BA 390H,OR 276
BA 365,BA 463
BA 357,OR 277
BA 357H,OR 277
BA 458,BA 467
OR 277,BA 467
BA 363,BA 468
BA 481,OR 278
BA 483,OR 278
OR 278,BA 474
BA 481,OR 279
BA 483,OR 279
OR 279,BA 475
BA 474,BA 476
BA 475,BA 476
BA 357,OR 280
BA 357H,OR 280
OR 281,BA 478
OR 280,BA 478
BA 375,OR 281
BA 375H,OR 281
ACTG 378,OR 282
ACTG 378H,OR 282
OR 282,BA 479
BA 479,BA 480
OR 283,BA 480
BA 272,BA 480
ACTG 378,OR 283
ACTG 378H,OR 283
BA 371,BA 483
BA 479,BA 483
BA 360,BA 487
BA 486,BA 487
BA 352,BA 488
BA 551,BA 552
BA 555,BA 552
BA 559,BA 554
BA 561,BA 554
BA 551,BA 557
BA 552,BA 557
BA 561,BA 557
BA 551,BA 559
BA 555,BA 559
BA 560,BA 570
BA 573,BA 574
BA 573,BA 575
BA 574,BA 576
BA 575,BA 576
BA 555,BA 577
BA 574,BA 577
BA 575,BA 577
BA 555,BA 578
MTH 112,OR 284
MTH 251,OR 284
MTH 251H,OR 284
OR 284,CBEE 102
MTH 112,OR 285
MTH 251,OR 285
MTH 251H,OR 285
OR 285,CBEE 102H
MTH 252,OR 286
MTH 252H,OR 286
OR 286,CBEE 211
MTH 252,OR 287
MTH 252H,OR 287
OR 287,CBEE 211H
CBEE 211,OR 288
CBEE 211H,OR 288
OR 289,CBEE 212
OR 288,CBEE 212
MTH 256H,OR 289
MTH 256,OR 289
CBEE 211,OR 290
CBEE 211H,OR 290
OR 291,CBEE 212H
OR 290,CBEE 212H
MTH 256H,OR 291
MTH 256,OR 291
CBEE 212H,CBEE 213
CBEE 212,CBEE 213
MTH 256H,CBEE 280
MTH 256,CBEE 280
CBEE 212,OR 292
CBEE 212H,OR 292
CBEE 280,OR 292
OR 292,CBEE 320
OR 293,CBEE 414
CHE 311,CBEE 414
CBEE 213,CBEE 414
CHE 333,OR 293
CHE 333H,OR 293
OR 294,CBEE 414H
CHE 311,CBEE 414H
CBEE 213,CBEE 414H
CHE 333,OR 294
CHE 333H,OR 294
CHE 415,OR 295
CHE 415H,OR 295
BIOE 415,OR 295
ENVE 415,OR 295
OR 295,CBEE 416
CBEE 212,OR 296
CBEE 212H,OR 296
CBEE 280,OR 296
OR 297,CHE 311
OR 296,CHE 311
MTH 256,OR 297
MTH 256H,OR 297
CHE 311,CHE 312
CBEE 212,OR 298
CBEE 212H,OR 298
CBEE 280,OR 298
OR 298,CHE 320
MTH 256,OR 299
MTH 256H,OR 299
OR 300,CHE 331
OR 299,CHE 331
CBEE 212H,OR 300
CBEE 212,OR 300
MTH 256,OR 301
MTH 256H,OR 301
OR 302,CHE 331H
OR 301,CHE 331H
CBEE 212H,OR 302
CBEE 212,OR 302
OR 303,CHE 332
CHE 311,CHE 332
CHE 331,OR 303
CHE 331H,OR 303
OR 304,CHE 332H
CHE 311,CHE 332H
CHE 331,OR 304
CHE 331H,OR 304
CHE 331,OR 305
CHE 331H,OR 305
CHE 332,OR 305
CHE 332H,OR 305
OR 305,CHE 333
CHE 331,OR 306
CHE 331H,OR 306
CHE 332,OR 306
CHE 332H,OR 306
OR 306,CHE 333H
OR 307,CHE 334
CBEE 213,CHE 334
CHE 333H,OR 307
CHE 333,OR 307
MTH 256,OR 308
MTH 256H,OR 308
OR 309,CHE 361
OR 308,CHE 361
CHE 331,OR 309
CHE 331H,OR 309
OR 310,CHE 411
CHE 312,CHE 411
CHE 333,OR 310
CHE 333H,OR 310
CBEE 414,CHE 415
CHE 411,CHE 415
CHE 443,CHE 415
CHE 361,CHE 415
CHE 332,OR 311
CHE 335,OR 311
OR 311,CHE 417
CHE 312,CHE 431
CHE 411,CHE 431
CHE 443,CHE 431
CHE 431,CHE 432
OR 312,CHE 443
CHE 312,CHE 443
CHE 333,OR 312
CHE 333H,OR 312
CHE 443,CHE 444
CH 440,CHE 450
ME 311H,CHE 450
ME 311,CHE 450
CHE 311,CHE 450
CH 440,CHE 451
ME 311H,CHE 451
ME 311,CHE 451
CHE 311,CHE 451
OR 313,CHE 452
CHE 311,CHE 452
CHE 333,OR 313
CHE 333H,OR 313
CHE 331,OR 314
CHE 331H,OR 314
CHE 361,CHE 461
OR 315,CHE 461
OR 314,CHE 461
CHE 332H,OR 315
CHE 332,OR 315
CHE 540,CHE 542
OR 316,CH 101
MTH 103,CH 101
MTH 095,CH 101
MTH 111,OR 316
MTH 241,OR 316
MTH 251,OR 316
MTH 251H,OR 316
MTH 252,OR 316
MTH 252H,OR 316
OR 318,CH 122
CH 121,CH 122
OR 317,OR 317
CH 231,OR 317
CH 231H,OR 317
CH 201,OR 317
CH 122,CH 123
CH 121,CH 124
CH 121,CH 125
CH 124,CH 125
MTH 254H,CH 201
MTH 254,CH 201
MTH 252H,CH 201
MTH 252,CH 201
MTH 251H,CH 201
MTH 251,CH 201
MTH 112,CH 201
MTH 111,CH 201
CH 121,OR 319
CH 201,OR 319
CH 231,OR 319
CH 231H,OR 319
OR 319,CH 202
CH 202,CH 205
MTH 254H,CH 231
MTH 254,CH 231
MTH 252H,CH 231
MTH 252,CH 231
MTH 251H,CH 231
MTH 251,CH 231
MTH 112,CH 231
MTH 111,CH 231
MTH 254H,CH 231H
MTH 254,CH 231H
MTH 252H,CH 231H
MTH 252,CH 231H
MTH 251H,CH 231H
MTH 251,CH 231H
MTH 112,CH 231H
MTH 111,CH 231H
CH 231,OR 320
CH 231H,OR 320
CH 221,CH 232
OR 320,CH 232
CH 231,OR 321
CH 231H,OR 321
CH 221,CH 232H
OR 321,CH 232H
CH 232,OR 322
CH 232H,OR 322
CH 222,CH 233
OR 322,CH 233
CH 232,OR 323
CH 232H,OR 323
CH 222,CH 233H
OR 323,CH 233H
CH 261,OR 324
CH 261H,OR 324
CH 271,OR 324
CH 221,OR 324
CH 224H,OR 324
OR 324,CH 262
CH 261,OR 325
CH 261H,OR 325
CH 271,OR 325
CH 221,OR 325
CH 224H,OR 325
OR 325,CH 262H
CH 262,OR 326
CH 262H,OR 326
CH 272,OR 326
CH 222,OR 326
CH 225H,OR 326
OR 326,CH 263
CH 262,OR 327
CH 262H,OR 327
CH 272,OR 327
CH 222,OR 327
CH 225H,OR 327
OR 327,CH 263H
CH 271,OR 328
CH 221,OR 328
CH 224H,OR 328
OR 328,CH 272
CH 272,OR 329
CH 222,OR 329
CH 225H,OR 329
OR 329,CH 273
CH 123,OR 330
CH 223,OR 330
CH 226H,OR 330
OR 330,CH 324
CH 123,OR 331
CH 223,OR 331
CH 226H,OR 331
OR 331,CH 331
CH 331,CH 332
CH 123,OR 332
CH 223,OR 332
CH 226H,OR 332
OR 332,CH 334
CH 334,CH 335
CH 335,CH 336
CH 331,OR 333
CH 332,OR 333
OR 334,CH 337
OR 333,CH 337
CH 334,OR 334
CH 335,OR 334
CH 336,OR 334
OR 338,OR 335
OR 337,OR 335
OR 336,OR 335
OR 335,OR 335
CH 334,OR 335
CH 221,OR 335
CH 222,OR 335
CH 223,OR 335
CH 224H,OR 336
CH 225H,OR 336
CH 226H,OR 336
MTH 251H,OR 337
MTH 251,OR 337
PH 211,OR 338
PH 201,OR 338
OR 339,CH 361
OR 343,OR 340
OR 342,OR 340
OR 341,OR 340
OR 340,OR 340
CH 334,OR 340
CH 221,OR 340
CH 222,OR 340
CH 223,OR 340
CH 224H,OR 341
CH 225H,OR 341
CH 226H,OR 341
MTH 251H,OR 342
MTH 251,OR 342
PH 211,OR 343
PH 201,OR 343
OR 344,CH 361H
CH 361,OR 345
CH 361H,OR 345
CH 335,CH 362
OR 345,CH 362
CH 361,OR 346
CH 361H,OR 346
CH 335,CH 362H
OR 346,CH 362H
CH 331,OR 347
CH 334,OR 347
OR 347,CH 390
CH 411,CH 412
OR 348,CH 435
CH 336,CH 435
CH 442,OR 348
CH 542,OR 348
MTH 254,OR 349
MTH 254H,OR 349
OR 349,CH 440
CH 440,OR 350
CHE 311,OR 350
OR 351,CH 441
OR 350,CH 441
MTH 254,OR 351
MTH 254H,OR 351
MTH 254,OR 352
MTH 254H,OR 352
CH 441,CH 442
OR 352,CH 442
CH 442,OR 353
CH 542,OR 353
OR 353,CH 450
CH 362,OR 354
CH 362H,OR 354
CH 440,CH 461
CH 421,CH 461
OR 354,CH 461
CH 362,OR 355
CH 362H,OR 355
CH 440,CH 461H
CH 421,CH 461H
OR 355,CH 461H
CH 362,OR 356
CH 362H,OR 356
OR 357,CH 462
CH 441,CH 462
OR 356,CH 462
CH 324,OR 357
CH 461,OR 357
CH 461H,OR 357
CH 362,OR 358
CH 362H,OR 358
OR 359,CH 462H
CH 441,CH 462H
OR 358,CH 462H
CH 324,OR 359
CH 461,OR 359
CH 461H,OR 359
CH 362,OR 360
CH 362H,OR 360
CH 442,CH 463
OR 361,CH 463
OR 360,CH 463
CH 324,OR 361
CH 461,OR 361
CH 461H,OR 361
CH 362,OR 362
CH 362H,OR 362
CH 442,CH 463H
OR 363,CH 463H
OR 362,CH 463H
CH 324,OR 363
CH 461,OR 363
CH 461H,OR 363
CH 362,OR 364
CH 362H,OR 364
CH 442,CH 464
OR 364,CH 464
CH 362,OR 365
CH 362H,OR 365
CH 442,CH 464H
OR 365,CH 464H
CH 336,OR 366
CH 337,OR 366
OR 366,CH 471
MTH 252,OR 367
MTH 252H,OR 367
OR 367,CH 490
CH 511,CH 512
OR 368,CH 516
NE 531,CH 516
RHP 531,OR 368
RHP 536,OR 368
CH 542,CH 550
CH 632,CH 633
CH 550,CH 680
CHN 111,CHN 112
CHN 112,CHN 113
CHN 113,CHN 211
CHN 211,CHN 212
CHN 212,CHN 213
CHN 213,CHN 311
CHN 311,CHN 312
CHN 312,CHN 313
MTH 111,OR 369
MTH 112,OR 369
MTH 251,CCE 201
MTH 241,CCE 201
OR 369,CCE 201
CCE 201,OR 370
ENGR 248,OR 370
OR 370,CCE 203
ENGR 213,OR 371
ENGR 213H,OR 371
OR 372,CCE 321H
OR 371,CCE 321H
ST 314,OR 372
BA 276,OR 372
CCE 321,CCE 421
CE 321,OR 373
CCE 321,OR 373
OR 373,CCE 422
CCE 321,CCE 424
CCE 523,CCE 621
CE 201,OR 374
CCE 201,OR 374
ENGR 248,OR 374
OR 374,CE 202
MTH 256,OR 375
MTH 256H,OR 375
PH 213,CE 311
ENGR 213,CE 311
ENGR 212,CE 311
OR 375,CE 311
CE 311,OR 376
CHE 331,OR 376
CHE 331H,OR 376
OR 376,CE 313
CCE 201,OR 377
CE 202,OR 377
ENGR 213,CE 361
PH 213,CE 361
ST 314,CE 361
OR 377,CE 361
CE 361,OR 378
CEM 263,OR 378
FE 208,OR 378
OR 378,CE 365
CH 201,CE 372
PH 212,CE 372
OR 379,CE 372
ENGR 213,CE 372
ENGR 213H,CE 372
CHE 331H,OR 379
CHE 331,OR 379
CEM 311,OR 379
CE 311,OR 379
CE 372,OR 380
FE 315,OR 380
OR 380,CE 373
ENGR 213,OR 381
ENGR 213H,OR 381
OR 381,CE 381
OR 383,CE 382
CE 381,CE 382
OR 382,OR 382
MTH 264,OR 382
MTH 265,OR 382
MTH 306,OR 382
MTH 306H,OR 382
CE 382,CE 383
ENGR 212,OR 384
ENGR 212H,OR 384
CE 361,CE 392
OR 384,CE 392
CE 313,OR 385
CEM 311,OR 385
OR 385,CE 411
CE 313,CE 412
CE 313,CE 415
CE 313,CE 417
OR 386,CE 418
CE 382,CE 418
CE 313,CE 418
CE 372,OR 386
FE 315,OR 386
CE 418,CE 419
CEM 442,CE 424
CE 321,OR 387
CCE 321,OR 387
OR 389,CE 427
OR 388,CE 427
OR 387,CE 427
FE 315,OR 388
CE 372,OR 388
CEM 383,OR 389
CE 383,OR 389
CE 361,OR 390
CEM 263,OR 390
FE 208,OR 390
OR 390,CE 461
CE 361,OR 391
CEM 263,OR 391
FE 208,OR 391
OR 391,CE 463
CE 361,OR 392
CEM 263,OR 392
FE 208,OR 392
OR 392,CE 465
CE 361,OR 393
CEM 263,OR 393
FE 208,OR 393
OR 393,CE 469
CE 373,OR 394
FE 316,OR 394
OR 394,CE 471
CE 373,OR 395
FE 316,OR 395
OR 395,CE 479
CE 382,CE 481
CE 481,CE 482
CE 383,OR 396
CE 481,OR 396
OR 396,CE 484
CE 481,CE 486
CE 392,CE 491
ST 314,CE 491
CE 392,CE 492
CE 547,CE 514
CE 512,OR 397
BEE 512,OR 397
OR 397,CE 516
CE 514,CE 518
CE 512,OR 398
BEE 512,OR 398
OR 398,CE 525
CE 585,CE 530
CE 585,OR 399
ME 520,OR 399
OR 399,CE 532
CE 534,OR 400
ME 522,OR 400
OR 400,CE 535
CE 536,OR 401
ME 520,OR 401
OR 401,CE 538
CE 572,CE 576
CE 577,CE 576
CE 630,OR 402
OC 630,OR 402
OR 402,CE 631
CE 630,OR 403
CE 631,OR 403
OR 403,CE 634
CE 630,CE 642
CE 630,CE 643
CE 630,CE 645
CE 630,CE 647
COMM 111,OR 404
COMM 111H,OR 404
COMM 114,OR 404
COMM 114H,OR 404
OR 404,COMM 312
COMM 114,OR 405
COMM 114H,OR 405
OR 405,COMM 314
COMM 218,OR 406
COMM 218H,OR 406
OR 406,COMM 318
COMM 218,COMM 332
COMM 321,COMM 414
COMM 321,COMM 416
COMM 321,COMM 418
COMM 321,COMM 422
COMM 321,COMM 426
COMM 326,COMM 426
COMM 321,COMM 430
COMM 321,COMM 432
COMM 320,COMM 454
COMM 320,COMM 456
COMM 320,COMM 458
COMM 320,COMM 459
COMM 320,COMM 460
COMM 320,COMM 462
COMM 320,COMM 464
COMM 320,COMM 466
COMM 320,COMM 470
COMM 321,COMM 470
MTH 111,OR 407
MTH 112,OR 407
MTH 251,OR 407
MTH 251H,OR 407
OR 407,CS 151
MTH 112,CS 161
CS 161,OR 408
EECS 161,OR 408
OR 408,CS 162
MTH 112,CS 165
MTH 111,OR 409
MTH 112,OR 409
OR 409,CS 225
CS 162,OR 410
CS 165,OR 410
OR 411,CS 261
OR 410,CS 261
CS 225,OR 411
MTH 231,OR 411
CS 261,CS 262
CS 151,OR 412
CS 161,OR 412
CS 165,OR 412
ECE 151,OR 412
OR 412,CS 271
CS 162,OR 413
CS 165,OR 413
OR 413,CS 290
CS 195,CS 295
CS 311,OR 414
CS 344,OR 414
CS 372,CS 312
OR 414,CS 312
OR 415,CS 321
CS 261,CS 321
CS 225,OR 415
MTH 231,OR 415
OR 416,CS 321H
CS 261,CS 321H
CS 225,OR 416
MTH 231,OR 416
OR 417,CS 325
CS 261,CS 325
CS 225,OR 417
MTH 231,OR 417
OR 418,CS 325H
CS 261,CS 325H
CS 225,OR 418
MTH 231,OR 418
CS 325,OR 419
CS 325H,OR 419
OR 419,CS 331
CS 290,CS 340
OR 420,CS 344
CS 261,CS 344
CS 271,OR 420
ECE 271,OR 420
CS 151,OR 421
CS 161,OR 421
CS 165,OR 421
CS 295,OR 421
ECE 151,OR 421
OR 421,CS 352
CS 261,CS 361
CS 261,CS 362
CS 344,CS 370
OR 422,CS 372
CS 261,CS 372
ECE 271,OR 422
CS 271,OR 422
CS 344,CS 373
CS 340,CS 373
CS 372,CS 373
OR 423,CS 381
CS 261,CS 381
CS 225,OR 423
MTH 231,OR 423
OR 425,CS 395
CS 195,CS 395
OR 424,OR 424
CS 162,OR 424
CS 165,OR 424
ART 120,OR 424
CS 325,OR 426
CS 325H,OR 426
OR 426,CS 420
CS 261,OR 427
MTH 355,OR 427
OR 427,CS 427
CS 325,OR 428
CS 325H,OR 428
OR 428,CS 434
OR 429,CS 440
CS 261,CS 440
CS 275,OR 429
CS 340,OR 429
CS 311,OR 430
CS 344,OR 430
OR 431,CS 444
OR 430,CS 444
CS 271,OR 431
ECE 375,OR 431
CS 261,CS 446
CS 344,CS 447
OR 432,CS 450
CS 261,CS 450
MTH 306,OR 432
MTH 306H,OR 432
MTH 341,OR 432
CS 361,CS 458
CS 361,CS 461
CS 362,CS 462
CS 461,CS 462
CS 462,CS 463
CS 261,OR 433
CS 361,OR 433
OR 433,CS 464
CS 344,CS 467
CS 361,CS 467
CS 362,CS 467
CS 352,CS 468
ECE 375,CS 472
CS 261,CS 475
CS 372,OR 434
ECE 372,OR 434
OR 435,CS 476
OR 434,CS 476
ECE 353,OR 435
ST 314,OR 435
ST 314H,OR 435
CS 344,CS 477
CS 370,CS 477
CS 372,OR 436
ECE 372,OR 436
OR 436,CS 478
CS 344,OR 437
CS 311,OR 437
CS 321,CS 480
OR 437,CS 480
MTH 252,CS 491
OR 438,CS 491
CS 261,CS 491
CS 225,OR 438
MTH 231,OR 438
CS 344,CS 492
CS 290,CS 493
CS 340,CS 493
CS 372,CS 493
CS 344,OR 439
CS 311,OR 439
OR 439,CS 496
CS 534,OR 440
ROB 537,OR 440
OR 440,CS 535
CS 561,CS 560
CS 561,CS 563
CS 581,CS 582
CS 581,CS 583
CS 581,CS 585
CS 535,OR 441
CS 537,OR 441
OR 441,CS 637
ENGR 211,OR 442
ENGR 211H,OR 442
OR 442,CEM 263
ENGR 211,OR 443
ENGR 211H,OR 443
OR 443,CEM 311
CCE 207,OR 444
CEM 407,OR 444
OR 444,CEM 326
CEM 442,CEM 341
CEM 341,CEM 342
CEM 342,CEM 343
ENGR 213,OR 445
ENGR 213H,OR 445
OR 445,CEM 381
CEM 381,CEM 383
CCE 321,CEM 383
CEM 341,CEM 431
CEM 341,CEM 432
FE 315,OR 446
CE 372,OR 446
OR 446,CEM 441
CCE 207,OR 447
CEM 407,OR 447
OR 447,CEM 442
CEM 341,CEM 443
CEM 343,CEM 443
CCE 207,OR 448
CEM 407,OR 448
OR 448,CEM 471
CCE 207,OR 449
CEM 407,OR 449
OR 449,CEM 472
COUN 578,COUN 579
COUN 581,COUN 582
CSS 305,CSS 315
BI 102,OR 450
BI 213,OR 450
BI 311,OR 450
HORT 430,OR 450
CSS 430,OR 450
PBG 430,OR 450
HORT 450,OR 450
CSS 450,OR 450
PBG 450,OR 450
OR 450,CROP 433
CROP 200,CROP 470
CROP 200,CROP 570
OR 451,DSGN 253
BA 101,DSGN 253
BA 162,OR 451
BA 162H,OR 451
BA 101,OR 452
BA 162,OR 452
BA 162H,OR 452
OR 452,DSGN 282
BA 101,OR 453
BA 162,OR 453
BA 162H,OR 453
OR 453,DSGN 283
BA 101,OR 454
BA 162,OR 454
BA 162H,OR 454
OR 454,DSGN 284
DSGN 226,DSGN 327
DSGN 327,DSGN 328
DSGN 327,DSGN 329
WR 222,OR 455
WR 323,OR 455
WR 327,OR 455
OR 455,DSGN 330
DSGN 341,DSGN 342
DSGN 342,DSGN 343
DSGN 255,OR 456
DHE 255,OR 456
OR 456,DSGN 352
DSGN 255,DSGN 355
DSGN 327,DSGN 355
DSGN 255,DSGN 356
DSGN 255,DSGN 357
DSGN 327,DSGN 357
DSGN 276,DSGN 372
DSGN 372,OR 457
DSGN 472,OR 457
OR 457,DSGN 377
DSGN 287,DSGN 387
DSGN 387,DSGN 388
DSGN 388,OR 458
DHE 388,OR 458
OR 458,DSGN 394
DSGN 327,DSGN 427
DSGN 327,DSGN 428
DSGN 428,DSGN 429
DSGN 343,DSGN 440
DSGN 440,DSGN 441
DHE 440,OR 459
DSGN 440,OR 459
OR 459,DSGN 442
ART 204,OR 460
ART 205,OR 460
ART 206,OR 460
OR 460,DSGN 464
OR 461,DSGN 471
DSGN 377,DSGN 471
BA 390,OR 461
BA 390H,OR 461
MRKT 390,OR 461
DSGN 377,DSGN 473
DSGN 394,OR 462
DHE 394,OR 462
OR 462,DSGN 488
DSGN 488,DSGN 495
DHE 160,DHE 161
DHE 180,DHE 187
DHE 170,DHE 233
DHE 161,DHE 262
DHE 170,DHE 276
DHE 280,DHE 281
DHE 187,DHE 287
DHE 283,DHE 288
DHE 287,DHE 288
DHE 287,DHE 289
DHE 300,DHE 310
DHE 245,DHE 321
DHE 277,DHE 321
DHE 255,DHE 326
DHE 250,DHE 326
DHE 227,DHE 327
DHE 233,DHE 330
WR 121,DHE 330
WR 222,DHE 330
DHE 330,DHE 334
DHE 255,DHE 355
DHE 262,DHE 360
DHE 263,DHE 360
DHE 277,DHE 370
DHE 276,DHE 376
BA 215,DHE 376
DHE 289,DHE 387
DHE 387,DHE 389
DHE 321,DHE 427
DHE 327,DHE 427
DHE 327,DHE 428
DHE 428,DHE 429
DHE 427,DHE 429
DHE 327,DHE 429
DHE 321,DHE 429
DHE 334,DHE 437
DHE 389,DHE 443
DHE 443,DHE 445
DHE 255,DHE 453
DHE 461,OR 463
DHE 462,OR 463
OR 463,DHE 464
DHE 370,DHE 470
OR 464,DHE 472
DHE 271,DHE 472
DHE 470,DHE 472
BA 215,OR 464
BA 215H,OR 464
DHE 376,DHE 476
DHE 389,DHE 481
DHE 394,DHE 488
DHE 570,DHE 572
ECON 201,OR 465
ECON 201H,OR 465
OR 465,ECON 311
ECON 201,OR 466
ECON 201H,OR 466
OR 467,ECON 315
OR 466,ECON 315
ECON 202,OR 467
ECON 202H,OR 467
ECON 201,OR 468
ECON 201H,OR 468
OR 470,ECON 329
OR 469,ECON 329
OR 468,ECON 329
ECON 202,OR 469
ECON 202H,OR 469
MTH 241,OR 470
MTH 251,OR 470
MTH 251H,OR 470
ECON 201,OR 471
ECON 201H,OR 471
OR 472,ECON 330
OR 471,ECON 330
ECON 202,OR 472
ECON 202H,OR 472
ECON 201,OR 473
ECON 201H,OR 473
OR 474,ECON 340
OR 473,ECON 340
ECON 202,OR 474
ECON 202H,OR 474
ECON 201,ECON 350
ECON 202,ECON 350
AEC 250,OR 475
AREC 250,OR 475
ECON 201,OR 475
ECON 201H,OR 475
OR 475,ECON 352
ECON 201,OR 476
ECON 201H,OR 476
OR 476,ECON 383
ECON 201,OR 477
ECON 201H,OR 477
OR 478,ECON 411
OR 477,ECON 411
MTH 241,OR 478
MTH 251,OR 478
MTH 251H,OR 478
ECON 311,OR 479
ECON 411,OR 479
OR 479,ECON 414
ECON 201,OR 480
ECON 201H,OR 480
OR 482,ECON 415
OR 481,ECON 415
OR 480,ECON 415
ECON 202,OR 481
ECON 202H,OR 481
MTH 241,OR 482
MTH 251,OR 482
MTH 251H,OR 482
ECON 311,OR 483
ECON 411,OR 483
OR 483,ECON 420
MTH 241,OR 484
MTH 251,OR 484
MTH 251H,OR 484
OR 484,ECON 423
ECON 311,OR 485
ECON 411,OR 485
OR 486,ECON 424
OR 485,ECON 424
ST 351,OR 486
ST 351H,OR 486
ECON 423,OR 486
ECON 311,OR 487
ECON 411,OR 487
ECON 423,ECON 427
OR 487,ECON 427
ECON 311,OR 488
ECON 411,OR 488
OR 488,ECON 428
ECON 311,OR 489
ECON 411,OR 489
OR 489,ECON 435
ECON 311,OR 490
ECON 411,OR 490
OR 490,ECON 439
ECON 311,ECON 440
ECON 315,ECON 441
ECON 201,ECON 455
ECON 202,ECON 455
ECON 311,OR 491
ECON 411,OR 491
OR 491,ECON 460
ECON 201,OR 492
ECON 201H,OR 492
OR 492,ECON 461
ECON 311,OR 493
ECON 411,OR 493
OR 493,ECON 462
ECON 311,OR 494
ECON 411,OR 494
OR 494,ECON 463
ECON 201,OR 495
ECON 201H,OR 495
OR 495,ECON 466
ECON 311,OR 496
ECON 411,OR 496
OR 496,ECON 480
ECON 311,OR 497
ECON 411,OR 497
OR 497,ECON 491
ECON 523,ECON 525
ED 413,ED 414
ED 407,ED 424
ED 410,ED 424
ED 450,ED 451
ED 451,ED 452
ED 465,ED 468
ED 472,ED 470
ED 472,ED 471
ED 472,ED 473
ED 472,ED 476
ED 472,ED 479
ED 513,ED 514
ED 513,ED 515
ED 514,ED 515
ED 531,ED 532
ED 531,ED 533
ED 532,ED 533
ED 537,ED 538
ED 537,ED 539
ED 538,ED 539
ED 550,ED 551
ED 572,ED 570
ED 572,ED 571
ED 572,ED 573
ED 572,ED 576
ED 572,ED 579
ED 584,ED 586
ED 585,ED 586
ED 587,ED 589
ED 588,ED 589
SED 622,ED 652
MTH 111,OR 498
MTH 112,OR 498
MTH 251,OR 498
MTH 251H,OR 498
OR 498,ECE 112
MTH 231,ECE 271
MTH 251H,ECE 271
MTH 251,ECE 271
ENGR 203,ECE 322
ENGR 203,ECE 322H
ECE 322,ECE 323
ENGR 202,OR 499
ENGR 202H,OR 499
MTH 256,ECE 331
PH 213,ECE 331
OR 499,ECE 331
ENGR 202,OR 500
ENGR 202H,OR 500
OR 500,ECE 332
ENGR 203,ECE 341
CS 261,ECE 341
ECE 341,ECE 342
OR 501,ECE 351
ENGR 203,ECE 351
MTH 256,OR 501
MTH 256H,OR 501
OR 502,ECE 352
ECE 351,ECE 352
MTH 306,OR 502
MTH 306H,OR 502
OR 503,ECE 353
ECE 351,ECE 353
MTH 254,OR 503
MTH 254H,OR 503
OR 504,ECE 372
CS 261,ECE 372
ECE 271,OR 504
CS 271,OR 504
ECE 271,ECE 375
MTH 255,OR 505
MTH 255H,OR 505
PH 213,ECE 390
ENGR 203,ECE 390
OR 505,ECE 390
OR 507,ECE 391
OR 506,ECE 391
ENGR 203,ECE 391
ECE 322,ECE 391
MTH 254,OR 506
MTH 254H,OR 506
MTH 256,OR 507
MTH 256H,OR 507
ECE 390,ECE 411
OR 510,ECE 413
OR 509,ECE 413
OR 508,ECE 413
ECE 323,ECE 413
PH 213,ECE 413
CH 201,OR 508
CH 231,OR 508
CH 121,OR 509
CH 122,OR 509
CH 231,OR 510
CH 261,OR 510
ECE 416,OR 511
ENGR 321,OR 511
ENGR 321H,OR 511
OR 511,ECE 415
OR 514,ECE 416
OR 513,ECE 416
OR 512,ECE 416
ENGR 201,ECE 416
PH 213,ECE 416
CH 201,OR 512
CH 231,OR 512
CH 121,OR 513
CH 122,OR 513
CH 231,OR 514
CH 261,OR 514
ECE 416,ECE 417
ECE 416,ECE 418
ECE 322,ECE 422
ECE 323,ECE 422
ECE 422,ECE 423
ECE 351,ECE 431
ECE 322,ECE 431
ECE 323,ECE 431
ECE 331,ECE 432
ENGR 203,ECE 432
MTH 254,ECE 433
MTH 306,ECE 433
OR 515,ECE 433
ECE 323,ECE 433
ECE 352,ECE 433
ENGR 202,OR 515
ENGR 202H,OR 515
ECE 433,ECE 437
ECE 331,ECE 438
ECE 431,ECE 438
ECE 322,ECE 441
ECE 351,ECE 441
ECE 342,ECE 441
ECE 441,ECE 442
ECE 442,ECE 443
OR 517,OR 516
OR 516,OR 516
ENGR 212,OR 516
ENGR 212H,OR 516
ECE 351,OR 516
ECE 352,OR 516
ME 317,OR 516
OR 518,ECE 451
ECE 351,ECE 461
ECE 352,ECE 461
ECE 353,ECE 461
ECE 461,ECE 462
ECE 351,ECE 462
ECE 352,ECE 462
ECE 353,ECE 462
ECE 351,ECE 463
ECE 352,ECE 463
ECE 351,ECE 464
ECE 352,ECE 464
ECE 351,ECE 468
ECE 352,ECE 468
ECE 271,ECE 471
ECE 322,ECE 471
ECE 323,ECE 471
ECE 375,ECE 472
ECE 322,ECE 473
ECE 375,ECE 473
CS 261,ECE 473
ECE 322,ECE 474
ECE 375,ECE 474
CS 372,OR 519
ECE 372,OR 519
OR 520,ECE 476
OR 519,ECE 476
ECE 353,OR 520
ST 314,OR 520
ST 314H,OR 520
CS 372,OR 521
ECE 372,OR 521
OR 521,ECE 478
PH 481,ECE 483
ECE 391,ECE 483
ECE 390,OR 522
ECE 391,OR 522
OR 522,ECE 484
ECE 390,ECE 485
ECE 391,ECE 485
ENGR 202,ESE 330
ENGR 212,ESE 330
MTH 256,ESE 330
MTH 306,ESE 330
ENGR 390,ESE 355
BA 360,ESE 355
ENGR 390,OR 523
BA 360,OR 523
ME 311,ESE 360
OR 523,ESE 360
ESE 330,ESE 430
ME 312,ESE 450
ENGR 202,ESE 470
ME 311,ESE 470
ENGR 202,ESE 471
ME 312,ESE 471
OR 527,OR 524
OR 526,OR 524
OR 525,OR 524
OR 524,OR 524
ESE 355,OR 524
ESE 360,OR 524
WR 327,OR 524
IE 425,OR 524
ENGR 390,OR 524
BA 360,OR 524
ME 312,OR 525
ME 312H,OR 525
ME 331,OR 526
ME 331H,OR 526
ST 314,OR 527
ST 314H,OR 527
OR 528,ESE 497
ESE 497,OR 529
IE 497,OR 529
ME 497,OR 529
MIME 497,OR 529
OR 529,ESE 498
MTH 251,OR 530
MTH 251H,OR 530
OR 531,ENGR 201
OR 530,ENGR 201
MTH 252,OR 531
MTH 252H,OR 531
MTH 251,OR 532
MTH 251H,OR 532
OR 533,ENGR 201H
OR 532,ENGR 201H
MTH 252,OR 533
MTH 252H,OR 533
ENGR 201,OR 534
ENGR 201H,OR 534
OR 534,ENGR 202
ENGR 201,OR 535
ENGR 201H,OR 535
OR 537,ENGR 203
OR 536,ENGR 203
OR 535,ENGR 203
ENGR 202,OR 536
ENGR 202H,OR 536
MTH 256,OR 537
MTH 256H,OR 537
MTH 252,OR 538
MTH 252H,OR 538
OR 538,ENGR 211
MTH 252,OR 539
MTH 252H,OR 539
OR 539,ENGR 211H
ENGR 211,OR 540
ENGR 211H,OR 540
OR 541,ENGR 212
OR 540,ENGR 212
PH 211,OR 541
PH 211H,OR 541
ENGR 211,OR 542
ENGR 211H,OR 542
OR 543,ENGR 212H
OR 542,ENGR 212H
PH 211,OR 543
PH 211H,OR 543
ENGR 211,OR 544
ENGR 211H,OR 544
OR 544,ENGR 213
ENGR 211,OR 545
ENGR 211H,OR 545
OR 545,ENGR 213H
ENG 200,ENG 345
MTH 256,OR 546
MTH 256H,OR 546
OR 546,ENVE 321
CBEE 414,ENVE 415
ENVE 322,ENVE 421
ENVE 421,ENVE 422
ENVE 321,OR 547
ENVE 322,OR 547
OR 547,ENVE 425
OR 550,OR 548
OR 549,OR 548
OR 548,OR 548
ENVE 421,OR 548
CH 123,OR 548
CH 223,OR 548
CH 226H,OR 548
CH 233,OR 548
CH 440,OR 549
CHE 331,OR 549
CHE 331H,OR 549
ENVE 321,OR 550
ENVE 322,OR 550
OR 551,ENVE 431
CHE 333,ENVE 457
ENVE 322,ENVE 457
ENVE 421,ENVE 490
ENVE 422,ENVE 490
ENVE 532,ENVE 535
ENVE 541,ENVE 542
ENVE 541,ENVE 545
ANTH 373,OR 552
ES 373,OR 552
WGSS 373,OR 552
WLC 373,OR 552
OR 553,ES 485
OR 552,ES 485
ANTH 410,OR 553
ES 410,OR 553
WGSS 410,OR 553
WLC 410,OR 553
FILM 110,OR 554
FILM 125,OR 554
OR 554,FILM 310
BA 240,OR 555
BA 240H,OR 555
BA 360,OR 555
BA 360H,OR 555
FIN 340,OR 555
FIN 340H,OR 555
OR 555,FIN 341
FIN 340,OR 556
FIN 340H,OR 556
BA 240,OR 556
BA 240H,OR 556
BA 360,OR 556
BA 360H,OR 556
OR 556,FIN 342
FIN 437,OR 557
BA 437,OR 557
OR 557,FIN 438
FIN 437,OR 558
BA 437,OR 558
OR 558,FIN 439
FIN 341,FIN 440
BA 240,OR 559
BA 240H,OR 559
BA 360,OR 559
BA 360H,OR 559
FIN 340,OR 559
FIN 340H,OR 559
OR 559,FIN 441
FIN 342,FIN 442
FIN 341,OR 560
BA 341,OR 560
OR 560,FIN 443
FIN 341,FIN 444
OR 561,FIN 445
FIN 341,FIN 445
FIN 342,FIN 445
FIN 440,OR 561
FIN 442,OR 561
FIN 443,OR 561
FIN 444,OR 561
FIN 499,OR 561
FIN 542,FIN 543
BA 540,FIN 545
BA 540,FIN 546
FIN 546,FIN 549
FIN 550,FIN 551
FIN 551,FIN 552
FIN 552,FIN 553
FW 107,FW 209
FW 302,FW 301
BI 302,FW 301
BI 211,OR 562
BI 211H,OR 562
BI 204,OR 562
OR 564,FW 316
OR 563,FW 316
OR 562,FW 316
BI 212,OR 563
BI 212H,OR 563
BI 205,OR 563
BI 213,OR 564
BI 213H,OR 564
BI 206,OR 564
BI 371,FW 320
BI 370H,FW 320
BI 370,FW 320
FW 320,FW 321
BI 204,OR 565
BI 211,OR 565
BI 211H,OR 565
OR 566,FW 366
OR 565,FW 366
BI 205,OR 566
BI 212,OR 566
BI 212H,OR 566
BI 211,OR 567
BI 204,OR 567
OR 569,FW 370
OR 568,FW 370
OR 567,FW 370
BI 212,OR 568
BI 205,OR 568
BI 213,OR 569
BI 206,OR 569
FW 315,FW 454
FW 320,FW 454
BI 370,OR 570
BI 371,OR 570
OR 570,FW 456
BI 370,OR 571
BI 370H,OR 571
OR 571,FW 464
BI 370,OR 572
BI 370H,OR 572
FW 315,FW 473
OR 572,FW 473
FW 315,FW 476
FW 454,FW 477
BI 370,OR 573
BI 370H,OR 573
BI 371,OR 573
OR 573,FW 481
FW 320,FW 488
FW 321,FW 488
FW 537,FW 538
FCSJ 454,FCSJ 422
ANTH 240,OR 574
ANTH 330,OR 574
OR 574,FCSJ 444
FCSJ 554,FCSJ 522
BI 211,OR 575
BI 211H,OR 575
BI 212,OR 575
BI 212H,OR 575
BI 213,OR 575
BI 213H,OR 575
OR 576,FST 360
OR 575,FST 360
CH 121,OR 576
CH 221,OR 576
CH 221H,OR 576
CH 231,OR 576
CH 231H,OR 576
WR 121,FST 385
FST 360,FST 385
MB 302,FST 385
ST 351,OR 577
ST 411,OR 577
OR 578,FST 420
OR 577,FST 420
ST 412,OR 578
ST 352,OR 578
BB 350,OR 579
BB 450,OR 579
BB 450H,OR 579
OR 581,FST 422
OR 580,FST 422
OR 579,FST 422
CH 332,OR 580
CH 336,OR 580
MTH 252H,OR 581
MTH 252,OR 581
MTH 228,OR 581
FST 422,FST 425
CH 331,FST 430
CH 332,FST 430
FST 360,FST 430
FST 421,FST 430
FST 422,FST 430
FST 251,FST 437
BB 350,FST 437
FST 437,FST 438
BI 212,OR 582
BI 212H,OR 582
CH 331,FST 460
CH 332,FST 460
OR 582,FST 460
OR 583,FST 461
FST 460,FST 461
MB 303,OR 583
MB 303H,OR 583
BI 212,OR 584
BI 212H,OR 584
CH 331,FST 466
CH 332,FST 466
OR 584,FST 466
FST 466,FST 467
FST 479,FST 467
BI 212,OR 585
BI 212H,OR 585
MB 302,FST 479
OR 586,FST 479
CH 331,FST 479
CH 332,FST 479
OR 585,FST 479
BB 350,OR 586
BB 450,OR 586
BEE 472,FST 490
FST 360,FST 490
FST 522,FST 525
FST 537,FST 538
FST 566,FST 567
FST 520,FST 620
FST 566,FST 666
FST 567,FST 666
ST 201,FES 202
FES 141,OR 587
FES 241,OR 587
OR 587,FES 343
BI 204,OR 588
BI 211,OR 588
BI 211H,OR 588
BI 212,OR 588
BI 212H,OR 588
OR 588,FES 412
ST 201,OR 589
ST 351,OR 589
ST 351H,OR 589
OR 589,FES 422
BOT 341,FES 433
ST 511,FES 524
ST 512,FES 524
FES 536,FES 527
MTH 112,OR 590
MTH 241,OR 590
MTH 251,OR 590
MTH 251H,OR 590
MTH 252,OR 590
MTH 252H,OR 590
OR 590,FE 208
MTH 112,OR 591
MTH 241,OR 591
MTH 251,OR 591
MTH 251H,OR 591
MTH 252,OR 591
MTH 252H,OR 591
OR 591,FE 209
FE 208,OR 592
FE 308,OR 592
OR 593,FE 310
OR 592,FE 310
CE 361,OR 593
CEM 263,OR 593
ENGR 213,FE 315
CE 372,FE 316
FE 315,FE 316
FE 102,FE 330
ENGR 213,FE 330
PH 201,OR 594
PH 211,OR 594
OR 594,FE 370
ENGR 211,FE 371
FE 102,FE 371
FE 310,FE 415
ENGR 211,OR 595
ENGR 211H,OR 595
FE 316,FE 416
FE 415,FE 416
OR 596,FE 416
OR 595,FE 416
ENGR 213,OR 596
ENGR 213H,OR 596
FE 309,OR 597
GEOG 480,OR 597
GEOG 481,OR 597
GEO 444,OR 597
GEO 466,OR 597
OR 597,FE 423
CH 121,OR 598
CH 201,OR 598
CH 231,OR 598
OR 600,FE 434
OR 599,FE 434
OR 598,FE 434
SOIL 205,OR 599
CSS 305,OR 599
CSS 205,OR 599
MTH 241,OR 600
MTH 251,OR 600
MTH 251H,OR 600
FE 434,FE 436
OR 601,FE 440
FE 102,FE 440
FE 370,OR 601
FE 371,OR 601
OR 603,FE 444
OR 602,FE 444
FE 257,FE 444
MTH 112,OR 602
MTH 241,OR 602
MTH 251,OR 602
MTH 251H,OR 602
MTH 252,OR 602
MTH 252H,OR 602
PH 201,OR 603
PH 211,OR 603
AREC 351,OR 604
FOR 330,OR 604
OR 604,FE 457
FE 457,OR 605
FOR 457,OR 605
OR 605,FE 459
FE 459,OR 606
FOR 459,OR 606
OR 606,FE 469
ENGR 211,OR 607
ENGR 211H,OR 607
ENGR 213,FE 470
FE 371,FE 470
OR 607,FE 470
CE 373,OR 608
FE 316,OR 608
OR 608,FE 479
GEOG 580,OR 609
GEOG 581,OR 609
GEO 544,OR 609
GEO 566,OR 609
OC 678,OR 609
OR 609,FE 523
FOR 141,OR 610
FES 141,OR 610
FOR 241,OR 610
FES 241,OR 610
OR 612,FOR 321
OR 611,FOR 321
FE 208,FOR 321
FE 209,FOR 321
OR 610,FOR 321
MTH 241,OR 611
MTH 245,OR 611
MTH 251,OR 611
MTH 251H,OR 611
ST 201,OR 612
ST 314,OR 612
ST 314H,OR 612
ST 351,OR 612
ST 351H,OR 612
OR 613,FOR 322
FOR 321,FOR 322
MTH 241,FOR 322
ST 201,OR 613
ST 351,OR 613
AEC 250,OR 614
AREC 250,OR 614
ECON 201,OR 614
ECON 201H,OR 614
OR 615,FOR 330
OR 614,FOR 330
MTH 241,OR 615
MTH 245,OR 615
MTH 251,OR 615
MTH 251H,OR 615
MTH 252,OR 615
MTH 252H,OR 615
ST 201,OR 616
ST 351,OR 616
OR 616,FOR 331
BI 204,OR 617
BI 212,OR 617
BI 212H,OR 617
BI 213,OR 617
BI 213H,OR 617
OR 617,FOR 413
OR 621,FOR 417
OR 620,FOR 417
SOIL 205,FOR 417
OR 619,OR 618
OR 618,OR 618
CH 201,OR 618
CH 231,OR 618
CH 231H,OR 618
CH 261,OR 619
CH 261H,OR 619
MTH 241,OR 621
MTH 251,OR 621
MTH 251H,OR 621
MTH 252,OR 621
MTH 252H,OR 621
FOR 240,OR 622
FES 240,OR 622
FOR 321,FOR 429
OR 622,FOR 429
AEC 351,OR 623
AEC 352,OR 623
FOR 330,OR 623
ECON 352,OR 623
OR 623,FOR 431
FES 240,OR 624
FOR 240,OR 624
OR 625,FOR 441
OR 624,FOR 441
FES 141,OR 625
FES 241,OR 625
OR 626,FOR 442
SOIL 205,FOR 442
FES 240,OR 626
FES 240H,OR 626
FOR 240,OR 626
FES 240,OR 627
FES 240H,OR 627
FOR 240,OR 627
FOR 321,FOR 443
OR 627,FOR 443
AREC 351,OR 628
FOR 330,OR 628
OR 628,FOR 457
FE 457,OR 629
FOR 457,OR 629
OR 629,FOR 459
FE 459,OR 630
FOR 459,OR 630
OR 630,FOR 469
ST 552,FOR 525
FR 111,FR 112
FR 112,FR 113
FR 113,FR 211
FR 211,FR 212
FR 212,FR 213
FR 311,FR 300
FR 213,FR 311
FR 311,FR 312
FR 312,FR 313
FR 213,FR 321
FR 213,FR 322
FR 213,FR 323
FR 211,FR 336
FR 311,FR 343
FR 313,FR 411
FR 313,FR 421
FR 313,FR 422
FR 313,FR 423
GEOG 102,OR 631
GEO 202,OR 631
GEO 102,OR 631
OR 631,GEOG 323
OR 632,GEOG 324
GEOG 102,GEOG 324
BI 370,OR 632
BI 370H,OR 632
GEOG 105,OR 633
GEOG 106,OR 633
GEO 105,OR 633
GEO 106,OR 633
OR 633,GEOG 330
OR 634,GEOG 361
GEOG 360,GEOG 361
MTH 112,GEOG 361
ST 201,OR 634
ST 351,OR 634
GEOG 201,OR 635
GEO 301,OR 635
OR 635,GEOG 370
GEOG 201,OR 636
GEO 301,OR 636
OR 636,GEOG 371
MTH 251,GEOG 424
GEOG 360,OR 637
GEOG 560,OR 637
GEO 365,OR 637
GEO 465,OR 637
OR 637,GEOG 451
GEOG 361,OR 638
GEOG 561,OR 638
GEO 480,OR 638
OR 638,GEOG 462
GEOG 462,OR 639
GEOG 562,OR 639
GEO 578,OR 639
OR 639,GEOG 463
GEOG 360,OR 640
GEOG 560,OR 640
GEO 365,OR 640
GEO 465,OR 640
OR 640,GEOG 464
GEOG 370,OR 641
GEOG 371,OR 641
GEO 360,OR 641
OR 641,GEOG 472
GEOG 201,OR 642
GEO 301,OR 642
OR 642,GEOG 480
GEOG 480,OR 643
GEOG 580,OR 643
GEO 444,OR 643
GEO 544,OR 643
OR 644,GEOG 481
OR 643,GEOG 481
ST 202,OR 644
ST 352,OR 644
GEOG 295,OR 645
GEO 295,OR 645
OR 645,GEOG 495
GEOG 360,OR 646
GEOG 560,OR 646
OR 646,GEOG 551
GEOG 560,GEOG 561
GEOG 361,OR 647
GEOG 561,OR 647
OR 647,GEOG 562
GEOG 462,OR 648
GEOG 562,OR 648
OR 648,GEOG 563
GEOG 360,OR 649
GEOG 560,OR 649
OR 649,GEOG 564
GEOG 580,GEOG 581
GPH 630,GPH 632
GEO 201,GEO 295
WR 121,OR 650
WR 121H,OR 650
OR 650,GEO 309
GEO 201,OR 651
GEO 221,OR 651
OR 651,GEO 310
GEO 310,GEO 315
GEO 102,OR 652
GEO 102H,OR 652
GEO 202,OR 652
OR 654,GEO 322
OR 653,GEO 322
OR 652,GEO 322
MTH 251,OR 653
MTH 251H,OR 653
PH 201,OR 654
PH 201H,OR 654
PH 211,OR 654
PH 211H,OR 654
GEO 201,GEO 340
GEO 201,GEO 370
GEO 203,GEO 370
GEO 315,GEO 412
GEO 201,GEO 415
GEO 310,GEO 415
GEO 315,GEO 415
GEO 315,GEO 427
GEO 315,GEO 430
CH 121,OR 655
CH 122,OR 655
CH 123,OR 655
OR 655,GEO 431
PH 211,OR 656
PH 211H,OR 656
GEO 322,GEO 433
OR 657,GEO 433
OR 656,GEO 433
PH 212,OR 657
PH 212H,OR 657
GEO 315,GEO 440
GEO 340,GEO 461
MTH 111,GEO 484
GEO 202,OR 658
GEO 203,OR 658
OR 659,GEO 486
OR 658,GEO 486
CH 122,OR 659
CH 222,OR 659
MTH 252,OR 660
MTH 252H,OR 660
OR 660,GEO 487
GEO 295,GEO 495
GEO 315,GEO 495
GEO 340,GEO 495
GEO 370,GEO 495
GEO 530,GEO 535
GER 111,GER 112
GER 112,GER 113
GER 113,GER 211
GER 211,GER 212
GER 212,GER 213
GER 213,GER 311
GER 213,GER 312
GER 213,GER 313
GER 213,GER 332
GER 312,GER 355
GER 313,GER 411
GER 411,GER 412
GER 412,GER 413
GRAD 570,GRAD 571
GRAD 560,GRAD 607
GRAD 561,GRAD 607
GRAD 560,GRAD 610
GRAD 561,GRAD 610
ART 101,GD 126
ART 115,GD 126
ART 121,GD 126
ART 131,GD 126
GD 200,GD 220
GD 228,GD 224
GD 126,GD 224
GD 226,GD 224
GD 126,GD 226
GD 126,GD 228
GD 126,GD 269
GD 126,GD 312
GD 126,GD 326
GD 126,GD 327
GD 126,GD 328
GD 420,GD 419
GD 126,GD 420
GD 126,GD 424
GD 126,GD 427
GD 426,GD 427
GD 230,GD 430
HHS 513,HHS 514
H 513,OR 661
HHS 514,OR 661
OR 661,HHS 517
H 524,HHS 526
H 524,HHS 527
H 536,HHS 537
H 513,OR 662
HHS 514,OR 662
OR 662,HHS 578
HHS 575,HHS 579
HHS 578,HHS 579
H 515,HHS 580
H 575,HHS 580
H 576,HHS 580
H 524,OR 663
HHS 514,OR 663
OR 663,HHS 584
H 513,OR 664
HHS 514,OR 664
OR 664,HHS 590
HEBR 111,HEBR 112
HEBR 111,HEBR 113
HEBR 112,HEBR 113
HEBR 113,HEBR 211
HEBR 211,HEBR 212
HEBR 212,HEBR 213
HST 103,HST 426
WR 121,OR 665
WR 121H,OR 665
OR 665,HC 199
HORT 270,HORT 271
HORT 271,HORT 272
HORT 272,HORT 273
HORT 273,HORT 274
HORT 274,HORT 275
HORT 280,HORT 275
HORT 212,HORT 306
CROP 355,HORT 306
HORT 301,HORT 310
CSS 205,OR 666
CSS 305,OR 666
SOIL 205,OR 666
OR 666,HORT 316
BOT 350,HORT 344
ENT 311,HORT 344
CSS 305,OR 667
SOIL 205,OR 667
OR 668,HORT 360
OR 667,HORT 360
SOIL 205,OR 668
BI 102,OR 669
BI 213,OR 669
BI 311,OR 669
HORT 430,OR 669
CSS 430,OR 669
HORT 450,OR 669
CSS 450,OR 669
PBG 450,OR 669
OR 669,HORT 433
HORT 301,HORT 453
HORT 301,HORT 454
HORT 301,HORT 456
HORT 301,HORT 481
SOIL 360,HORT 482
HORT 344,HORT 482
HORT 308,HORT 482
HORT 307,HORT 482
HORT 212,HORT 482
CROP 355,HORT 482
HORT 306,HORT 482
HORT 285,HORT 485
HM 101,HM 210
HM 101,HM 230
HM 310,HM 410
HDFS 107,HDFS 209
HDFS 262,HDFS 310
HDFS 311,HDFS 330
HDFS 311,OR 670
HDFS 211,OR 670
HDFS 330,HDFS 331
OR 670,HDFS 331
HDFS 107,HDFS 410
HDFS 209,HDFS 410
HDFS 462,HDFS 410
HDFS 330,HDFS 430
HDFS 311,OR 671
HDFS 313,OR 671
OR 671,HDFS 431
HDFS 311,HDFS 433
HDFS 330,HDFS 433
HDFS 331,HDFS 433
HDFS 360,HDFS 461
HDFS 361,HDFS 461
HDFS 262,HDFS 462
HDFS 310,HDFS 462
HDFS 529,HDFS 531
HDFS 531,HDFS 532
HDFS 531,HDFS 534
HDFS 538,HDFS 539
HDFS 532,HDFS 630
ENGR 112,IE 212
MTH 252,IE 255
FOR 112,IE 285
IE 112,IE 285
IE 255,OR 672
ST 314,OR 672
OR 672,IE 355
IE 255,OR 673
ST 314,OR 673
OR 673,IE 356
IE 255,OR 674
ST 314,OR 674
PH 212,IE 366
PH 213,IE 366
OR 674,IE 366
IE 255,OR 675
ST 314,OR 675
OR 675,IE 367
OR 676,IE 368
ENGR 248,IE 368
IE 255,OR 676
ST 314,OR 676
IE 212,IE 411
IE 212,IE 412
OR 677,IE 415
IE 112,IE 415
IE 255,OR 677
ST 314,OR 677
IE 212,IE 418
IE 418,IE 419
IE 255,OR 678
ST 314,OR 678
OR 679,IE 425
OR 678,IE 425
MTH 306,OR 679
MTH 341,OR 679
IE 255,OR 680
ST 314,OR 680
IE 425,IE 426
OR 680,IE 426
ENGR 390,IE 470
IE 355,IE 470
IE 366,IE 470
IE 367,IE 470
IE 368,IE 470
ENGR 390,IE 471
IE 355,IE 471
IE 366,IE 471
IE 367,IE 471
IE 368,IE 471
ENGR 390,IE 475
IE 355,IE 475
IE 366,IE 475
IE 367,IE 475
IE 368,IE 475
IE 518,IE 519
IE 521,IE 523
IE 552,IE 553
IE 582,IE 581
IE 582,IE 583
IE 582,IE 584
IE 582,IE 585
IE 582,IE 587
IE 581,IE 588
IE 582,IE 588
IE 583,IE 588
IE 581,IE 590
IE 582,IE 590
IE 583,IE 590
IE 582,IE 591
IEPA 002,IEPA 011NC
IEPA 007,IEPA 014NC
IEPA 009,IEPA 018NC
IEPA 011,IEPA 021NC
IEPA 014,IEPA 024NC
IEPA 018,IEPA 028NC
IEPA 021,IEPA 031NC
IEPA 024,IEPA 034NC
IEPA 028,IEPA 038NC
IEPA 031,IEPA 041NC
IEPA 034,IEPA 044NC
IEPA 038,IEPA 048NC
IEPA 044,OR 681
IEPA 048,OR 681
OR 681,IEPA 050NC
IEPA 041,IEPA 051NC
IEPA 050,IEPA 060NC
IEPA 051,IEPA 061NC
OR 682,OR 682
IEPG 006,OR 682
IEPH 006,OR 682
IEPH 010,OR 682
OR 685,IEPG 010NC
OR 683,IEPG 010NC
OR 684,OR 684
IEPG 017,OR 684
IEPG 021,OR 684
IEPG 011,OR 684
OR 686,OR 686
IEPG 009,OR 686
IEPH 009,OR 686
IEPH 011,OR 686
OR 689,IEPG 011NC
OR 688,IEPG 011NC
OR 687,IEPG 011NC
IEPG 020,OR 688
IEPG 010,OR 688
IEPG 027,OR 689
IEPG 017,OR 689
IEPG 020,OR 690
IEPG 010,OR 690
OR 691,IEPG 017NC
OR 690,IEPG 017NC
IEPG 021,OR 691
IEPG 011,OR 691
IEPG 010,OR 692
IEPH 010,OR 692
IEPH 020,IEPG 020NC
OR 692,IEPG 020NC
IEPG 011,OR 693
IEPH 011,OR 693
IEPH 021,IEPG 021NC
OR 693,IEPG 021NC
IEPG 017,OR 694
IEPH 017,OR 694
IEPH 027,IEPG 027NC
OR 694,IEPG 027NC
IEPG 020,OR 695
IEPH 020,OR 695
IEPH 030,IEPG 030NC
OR 695,IEPG 030NC
IEPG 021,OR 696
IEPH 021,OR 696
IEPH 031,IEPG 031NC
OR 696,IEPG 031NC
IEPG 027,OR 697
IEPH 027,OR 697
IEPH 037,IEPG 037NC
OR 697,IEPG 037NC
IEPG 030,OR 698
IEPH 030,OR 698
IEPH 040,IEPG 040NC
OR 698,IEPG 040NC
IEPG 031,OR 699
IEPH 031,OR 699
IEPH 041,IEPG 041NC
OR 699,IEPG 041NC
IEPG 041,OR 700
IEPH 041,OR 700
IEPH 051,IEPG 051NC
OR 700,IEPG 051NC
OR 701,OR 701
IEPH 006,OR 701
IEPG 006,OR 701
IEPG 010,OR 701
OR 704,IEPH 010NC
OR 702,IEPH 010NC
OR 703,OR 703
IEPH 021,OR 703
IEPH 017,OR 703
IEPH 011,OR 703
OR 705,OR 705
IEPH 009,OR 705
IEPG 009,OR 705
IEPG 011,OR 705
OR 708,IEPH 011NC
OR 707,IEPH 011NC
OR 706,IEPH 011NC
IEPH 020,OR 707
IEPH 010,OR 707
IEPH 027,OR 708
IEPG 017,OR 708
IEPH 020,OR 709
IEPH 010,OR 709
OR 710,IEPH 017NC
OR 709,IEPH 017NC
IEPH 021,OR 710
IEPH 011,OR 710
IEPH 010,OR 711
IEPG 010,OR 711
IEPG 020,IEPH 020NC
OR 711,IEPH 020NC
IEPH 011,OR 712
IEPG 011,OR 712
IEPG 021,IEPH 021NC
OR 712,IEPH 021NC
IEPH 017,OR 713
IEPG 017,OR 713
IEPG 027,IEPH 027NC
OR 713,IEPH 027NC
IEPH 020,OR 714
IEPG 020,OR 714
IEPG 030,IEPH 030NC
OR 714,IEPH 030NC
IEPH 021,OR 715
IEPG 021,OR 715
IEPG 031,IEPH 031NC
OR 715,IEPH 031NC
IEPH 027,OR 716
IEPG 027,OR 716
IEPG 037,IEPH 037NC
OR 716,IEPH 037NC
IEPH 030,OR 717
IEPG 030,OR 717
IEPG 040,IEPH 040NC
OR 717,IEPH 040NC
IEPH 031,OR 718
IEPG 031,OR 718
IEPG 041,IEPH 041NC
OR 718,IEPH 041NC
IEPH 040,OR 719
IEPG 040,OR 719
IEPG 050,IEPH 050NC
OR 719,IEPH 050NC
IEPH 041,OR 720
IEPG 041,OR 720
IEPG 051,IEPH 051NC
OR 720,IEPH 051NC
IT 111,IT 112
IT 112,IT 113
IT 113,IT 211
IT 211,IT 212
IT 212,IT 213
JPN 111,JPN 112
JPN 112,JPN 113
JPN 113,JPN 211
JPN 211,JPN 212
JPN 212,JPN 213
JPN 213,JPN 311
JPN 311,JPN 312
JPN 313,JPN 411
JPN 411,JPN 412
JPN 412,JPN 413
EXSS 230,OR 721
KIN 230,OR 721
PAC 301,KIN 232
PAC 303,KIN 232
PAC 329,KIN 232
OR 721,KIN 232
EXSS 232,OR 722
KIN 232,OR 722
OR 722,KIN 233
BI 232,OR 723
BI 332,OR 723
OR 723,KIN 311
OR 724,KIN 321
MTH 112,OR 724
MTH 251,OR 724
BI 233,OR 725
BI 333,OR 725
OR 729,KIN 324
OR 728,KIN 324
OR 727,KIN 324
OR 726,KIN 324
OR 725,KIN 324
BI 231,OR 726
BI 331,OR 726
CH 121,OR 727
CH 231,OR 727
CH 231H,OR 727
CH 122,OR 728
CH 232,OR 728
CH 232H,OR 728
CH 123,OR 729
CH 233,OR 729
CH 233H,OR 729
CH 130,OR 729
KIN 324,OR 730
EXSS 324,OR 730
OR 730,KIN 325
KIN 333,KIN 334
KIN 324,KIN 341
NUTR 240,KIN 341
KIN 132,OR 731
BI 109,OR 731
BI 231,KIN 343
BI 232,KIN 343
BI 233,KIN 343
BI 241,KIN 343
BI 242,KIN 343
BI 243,KIN 343
OR 731,KIN 343
KIN 132,KIN 344
BI 231,KIN 344
BI 232,KIN 344
BI 233,KIN 344
BI 241,KIN 344
BI 242,KIN 344
BI 243,KIN 344
KIN 321,OR 732
EXSS 321,OR 732
OR 732,KIN 385
KIN 324,KIN 394
KIN 325,KIN 394
KIN 324,OR 733
EXSS 324,OR 733
OR 734,KIN 395
OR 733,KIN 395
KIN 325,OR 734
EXSS 325,OR 734
KIN 311,KIN 411
KIN 311,OR 735
EXSS 311,OR 735
OR 735,KIN 422
KIN 311,OR 736
EXSS 311,OR 736
OR 737,KIN 423
OR 736,KIN 423
KIN 321,OR 737
EXSS 321,OR 737
EXSS 321,OR 738
KIN 321,OR 738
OR 738,KIN 425
KIN 324,OR 739
EXSS 324,OR 739
OR 739,KIN 434
KIN 370,KIN 435
KIN 324,OR 740
EXSS 324,OR 740
OR 741,KIN 437
OR 740,KIN 437
KIN 325,OR 741
EXSS 325,OR 741
KIN 314,OR 742
EXSS 314,OR 742
OR 742,KIN 444
KIN 324,OR 743
EXSS 324,OR 743
OR 744,KIN 474
OR 743,KIN 474
KIN 325,OR 744
EXSS 325,OR 744
KIN 312,OR 745
EXSS 312,OR 745
OR 745,KIN 475
BI 231,OR 746
BI 331,OR 746
OR 751,KIN 483
OR 750,KIN 483
OR 749,KIN 483
OR 748,KIN 483
OR 747,KIN 483
OR 746,KIN 483
BI 241,OR 747
BI 341,OR 747
BI 232,OR 748
BI 332,OR 748
BI 242,OR 749
BI 342,OR 749
BI 233,OR 750
BI 333,OR 750
BI 243,OR 751
BI 343,OR 751
KIN 325,KIN 490
MTH 112,KIN 490
KIN 511,KIN 520
KIN 511,KIN 521
KIN 520,KIN 522
KIN 521,KIN 522
KIN 510,KIN 564
KIN 511,KIN 565
KIN 565,KIN 566
KIN 566,KIN 567
KIN 522,KIN 568
KIN 521,KIN 569
KIN 511,KIN 584
KIN 586,KIN 585
KIN 584,KIN 586
KOR 111,KOR 112
KOR 112,KOR 113
KOR 113,KOR 211
KOR 211,KOR 212
KOR 212,KOR 213
BA 351,OR 752
BA 352,OR 752
BA 352H,OR 752
OR 752,MGMT 364
BA 352,OR 753
BA 352H,OR 753
OR 753,MGMT 446
BA 352,OR 754
BA 352H,OR 754
OR 754,MGMT 448
BA 352,MGMT 449
BA 351,OR 755
BA 352,OR 755
BA 352H,OR 755
OR 755,MGMT 452
BA 351,OR 756
BA 352,OR 756
BA 352H,OR 756
OR 756,MGMT 453
BA 352,OR 757
BA 352H,OR 757
OR 757,MGMT 455
MGMT 364,OR 758
BA 364,OR 758
OR 758,MGMT 456
BA 357,OR 759
BA 357H,OR 759
OR 759,MGMT 457
BA 352,OR 760
BA 352H,OR 760
OR 760,MGMT 459
BA 474,MGMT 477
BA 475,MGMT 477
BA 516,MGMT 555
BA 550,MGMT 571
BA 550,MGMT 572
BA 562,MGMT 575
MGMT 575,MGMT 576
FOR 112,MFGE 285
IE 112,MFGE 285
ENGR 213,OR 761
ENGR 213H,OR 761
ME 250,MFGE 336
OR 762,MFGE 336
ENGR 248,MFGE 336
OR 761,MFGE 336
ENGR 321,OR 762
ENGR 321H,OR 762
MATS 321,OR 762
MATS 321H,OR 762
OR 763,OR 763
ME 250,OR 763
MFGE 336,OR 763
ENGR 321,OR 763
ENGR 321H,OR 763
MATS 321,OR 763
MATS 321H,OR 763
OR 764,MFGE 337
ENGR 390,OR 765
ENGR 391,OR 765
OR 765,MFGE 436
ME 317,OR 766
ME 317H,OR 766
MFGE 336,OR 766
OR 767,MFGE 437
OR 766,MFGE 437
ENGR 212,OR 767
ENGR 212H,OR 767
ENGR 213,OR 768
ENGR 213H,OR 768
OR 768,MFGE 438
BA 223,OR 769
BA 223H,OR 769
BA 390,OR 769
BA 390H,OR 769
OR 769,MRKT 390
BA 275,OR 770
BA 275H,OR 770
BA 276,OR 770
ST 202,OR 770
OR 771,MRKT 396
OR 770,MRKT 396
BA 223,OR 771
BA 223H,OR 771
BA 390,OR 771
BA 390H,OR 771
BA 474,MRKT 477
BA 475,MRKT 477
BA 223,OR 772
BA 223H,OR 772
BA 390,OR 772
BA 390H,OR 772
MRKT 390,OR 772
OR 772,MRKT 484
BA 223,OR 773
BA 223H,OR 773
BA 390,OR 773
BA 390H,OR 773
MRKT 390,OR 773
OR 773,MRKT 485
BA 396,OR 774
MRKT 396,OR 774
OR 774,MRKT 486
BA 223,OR 775
BA 223H,OR 775
BA 390,OR 775
BA 390H,OR 775
MRKT 390,OR 775
OR 775,MRKT 488
BA 223,OR 776
BA 223H,OR 776
BA 390,OR 776
BA 390H,OR 776
MRKT 390,OR 776
OR 776,MRKT 489
BA 223,OR 777
BA 223H,OR 777
BA 390,OR 777
BA 390H,OR 777
MRKT 390,OR 777
OR 777,MRKT 491
BA 223,OR 778
BA 223H,OR 778
BA 390,OR 778
BA 390H,OR 778
MRKT 390,OR 778
OR 778,MRKT 492
BA 223,OR 779
BA 223H,OR 779
BA 390,OR 779
BA 390H,OR 779
MRKT 390,OR 779
OR 779,MRKT 493
BA 390,OR 780
BA 390H,OR 780
OR 780,MRKT 495
MRKT 396,OR 781
BA 396,OR 781
OR 781,MRKT 496
BA 347,OR 782
BA 347H,OR 782
OR 783,MRKT 497
OR 782,MRKT 497
BA 390,OR 783
BA 390H,OR 783
BA 223,OR 784
BA 223H,OR 784
BA 390,OR 784
BA 390H,OR 784
MRKT 390,OR 784
OR 784,MRKT 498
MRKT 396,OR 785
BA 396,OR 785
OR 785,MRKT 499
BA 596,OR 786
MRKT 596,OR 786
OR 786,MRKT 581
BA 596,OR 787
MRKT 596,OR 787
OR 787,MRKT 582
BA 516,MRKT 584
BA 516,MRKT 585
BA 516,MRKT 586
BA 590,MRKT 587
MRKT 592,MRKT 587
BA 516,MRKT 592
BA 516,MRKT 593
MNR 511,MNR 560
CH 202,OR 788
CH 222,OR 788
CH 232,OR 788
CH 232H,OR 788
CH 224H,OR 788
OR 788,MATS 321
CH 202,OR 789
CH 222,OR 789
CH 232,OR 789
CH 232H,OR 789
CH 224H,OR 789
OR 789,MATS 321H
ENGR 213,OR 790
ENGR 213H,OR 790
OR 791,MATS 322
OR 790,MATS 322
ENGR 321,OR 791
ENGR 321H,OR 791
MATS 321,OR 791
MATS 321,OR 792
ENGR 321,OR 792
ENGR 321H,OR 792
MATS 570,MATS 445
OR 792,MATS 445
ENGR 321,OR 793
ENGR 321H,OR 793
OR 793,MATS 455
ME 311,OR 794
ME 311H,OR 794
OR 796,MATS 478
OR 795,MATS 478
OR 794,MATS 478
ENGR 321,OR 795
ENGR 321H,OR 795
MATS 321,OR 795
ENGR 322,OR 796
MATS 322,OR 796
ME 570,MATS 555
MTH 065,MTH 095
MTH 065,MTH 103
MTH 095,OR 797
MTH 103,OR 797
OR 797,MTH 111
MTH 111,MTH 112
MTH 111,MTH 150X
MTH 095,OR 798
MTH 103,OR 798
MTH 111,OR 798
MTH 112,OR 798
OR 798,MTH 211
MTH 211,MTH 212
MTH 112,OR 799
MTH 150,OR 799
OR 799,MTH 227
MTH 227,OR 800
MTH 227,OR 800
OR 800,MTH 228
MTH 112,MTH 231
MTH 112,MTH 231H
MTH 111,MTH 241
MTH 111,MTH 245
MTH 112,OR 801
MTH 150,OR 801
OR 801,MTH 251
MTH 112,OR 802
MTH 150,OR 802
OR 802,MTH 251H
MTH 251,OR 803
MTH 251H,OR 803
OR 803,MTH 252
MTH 251,OR 804
MTH 251H,OR 804
OR 804,MTH 252H
MTH 252,OR 805
MTH 252H,OR 805
OR 805,MTH 253
MTH 252,OR 806
MTH 252H,OR 806
OR 806,MTH 254
MTH 252,OR 807
MTH 252H,OR 807
OR 807,MTH 254H
MTH 254,OR 808
MTH 254H,OR 808
OR 808,MTH 255
MTH 254,OR 809
MTH 254H,OR 809
OR 809,MTH 255H
MTH 254,OR 810
MTH 254H,OR 810
OR 810,MTH 256
MTH 254,OR 811
MTH 254H,OR 811
OR 811,MTH 256H
MTH 252,OR 812
MTH 252H,OR 812
OR 812,MTH 264
MTH 252,OR 813
MTH 252H,OR 813
OR 813,MTH 264H
MTH 252,OR 814
MTH 252H,OR 814
OR 814,MTH 265
MTH 252,OR 815
MTH 252H,OR 815
OR 815,MTH 265H
MTH 252,OR 816
MTH 252H,OR 816
OR 816,MTH 306
MTH 252,OR 817
MTH 252H,OR 817
OR 817,MTH 306H
MTH 254,OR 818
MTH 254H,OR 818
MTH 355,MTH 311
OR 818,MTH 311
MTH 311,MTH 312
OR 820,MTH 321
OR 819,MTH 321
MTH 341,MTH 321
MTH 264,OR 819
MTH 264H,OR 819
MTH 306,OR 820
MTH 306H,OR 820
MTH 256,OR 821
MTH 256H,OR 821
MTH 341,MTH 323
OR 821,MTH 323
MTH 341,OR 822
MTH 355,OR 822
OR 822,MTH 333
MTH 252,OR 823
MTH 252H,OR 823
OR 823,MTH 338
MTH 254,OR 824
MTH 254H,OR 824
OR 824,MTH 341
MTH 341,MTH 342
MTH 341,MTH 343
MTH 355,MTH 343
MTH 253,OR 825
MTH 306,OR 825
MTH 306H,OR 825
OR 825,MTH 351
MTH 253,MTH 355
OR 827,MTH 361
OR 826,MTH 361
MTH 253,MTH 361
MTH 306,OR 826
MTH 306H,OR 826
MTH 265,OR 827
MTH 265H,OR 827
MTH 211,MTH 390
MTH 212,MTH 390
MTH 312,MTH 411
MTH 341,MTH 411
MTH 411,OR 828
MTH 511,OR 828
OR 828,MTH 412
MTH 412,OR 829
MTH 512,OR 829
OR 829,MTH 413
MTH 312,MTH 419
MTH 256,OR 830
MTH 256H,OR 830
MTH 341,MTH 420
OR 830,MTH 420
MTH 256,OR 831
MTH 256H,OR 831
MTH 341,MTH 427
OR 831,MTH 427
OR 832,MTH 428
MTH 341,MTH 428
MTH 361,OR 832
MTH 463,OR 832
MTH 563,OR 832
MTH 311,MTH 430
MTH 255,OR 833
MTH 255H,OR 833
MTH 342,MTH 434
OR 833,MTH 434
MTH 434,OR 834
MTH 534,OR 834
OR 834,MTH 435
MTH 434,OR 835
MTH 534,OR 835
OR 835,MTH 437
MTH 231,OR 836
MTH 343,OR 836
MTH 355,OR 836
OR 836,MTH 440
OR 837,MTH 441
MTH 343,MTH 441
MTH 342,OR 837
MTH 440,OR 837
MTH 540,OR 837
MTH 441,OR 838
MTH 541,OR 838
OR 838,MTH 442
MTH 342,OR 839
MTH 343,OR 839
OR 839,MTH 443
MTH 341,MTH 451
MTH 256,OR 840
MTH 256H,OR 840
OR 841,MTH 452
OR 840,MTH 452
MTH 306,OR 841
MTH 306H,OR 841
MTH 341,OR 841
MTH 452,OR 842
MTH 552,OR 842
OR 842,MTH 453
MTH 311,MTH 463
MTH 463,OR 843
MTH 563,OR 843
MTH 341,MTH 464
OR 843,MTH 464
MTH 464,OR 844
MTH 564,OR 844
OR 844,MTH 465
MTH 463,OR 845
MTH 563,OR 845
ST 421,OR 845
OR 845,MTH 467
MTH 256,OR 846
MTH 256H,OR 846
MTH 341,MTH 480
OR 846,MTH 480
MTH 256,OR 847
MTH 256H,OR 847
OR 847,MTH 481
MTH 480,OR 848
MTH 481,OR 848
MTH 581,OR 848
OR 848,MTH 482
MTH 256,OR 849
MTH 256H,OR 849
OR 850,MTH 483
OR 849,MTH 483
MTH 253,OR 850
MTH 306,OR 850
MTH 306H,OR 850
MTH 341,MTH 491
MTH 491,OR 851
MTH 591,OR 851
OR 851,MTH 492
MTH 492,OR 852
MTH 592,OR 852
OR 852,MTH 493
MTH 511,MTH 512
MTH 512,MTH 513
MTH 434,OR 853
MTH 534,OR 853
OR 853,MTH 537
MTH 621,MTH 622
MTH 621,MTH 623
MTH 622,MTH 623
IE 355,OR 854
IE 356,OR 854
IE 366,OR 854
IE 367,OR 854
IE 368,OR 854
WR 327,OR 854
OR 860,MIME 497
OR 854,MIME 497
OR 859,OR 855
OR 858,OR 855
OR 857,OR 855
OR 856,OR 855
OR 855,OR 855
WR 327,OR 855
ME 250,OR 855
ENGR 391,OR 855
ENGR 391H,OR 855
MATS 322,OR 855
ME 312,OR 856
ME 312H,OR 856
ME 317,OR 857
ME 317H,OR 857
ME 383,OR 858
ME 383H,OR 858
ST 314,OR 859
ST 314H,OR 859
MIME 497,OR 861
ESE 497,OR 861
OR 861,MIME 498
OR 862,ME 250
ENGR 248,ME 250
PH 211,OR 862
PH 211H,OR 862
ENGR 212,OR 863
ENGR 212H,OR 863
OR 864,ME 311
OR 863,ME 311
MTH 256,OR 864
MTH 256H,OR 864
ENGR 212,OR 865
ENGR 212H,OR 865
OR 866,ME 311H
OR 865,ME 311H
MTH 256,OR 866
MTH 256H,OR 866
MTH 256,OR 867
MTH 256H,OR 867
OR 868,ME 312
OR 867,ME 312
ME 311,OR 868
ME 311H,OR 868
NSE 311,OR 868
NSE 311H,OR 868
NE 311,OR 868
NE 311H,OR 868
MTH 256,OR 869
MTH 256H,OR 869
OR 870,ME 312H
OR 869,ME 312H
ME 311,OR 870
ME 311H,OR 870
NSE 311,OR 870
NSE 311H,OR 870
NE 311,OR 870
NE 311H,OR 870
ENGR 213,OR 871
ENGR 213H,OR 871
OR 872,ME 316
OR 871,ME 316
MTH 256,OR 872
MTH 256H,OR 872
ENGR 212,OR 873
ENGR 212H,OR 873
OR 874,ME 317
OR 873,ME 317
MTH 256,OR 874
MTH 256H,OR 874
ENGR 248,ME 348
ENGR 112,OR 875
ENGR 112H,OR 875
MTH 341,ME 373
OR 876,ME 373
OR 875,ME 373
MTH 256,OR 876
MTH 256H,OR 876
ENGR 112,OR 877
ENGR 112H,OR 877
MTH 341,ME 373H
OR 878,ME 373H
OR 877,ME 373H
MTH 256,OR 878
MTH 256H,OR 878
OR 879,ME 382
ENGR 248,ME 382
ME 250,ME 382
PH 211,OR 879
PH 211H,OR 879
OR 880,ME 382H
ENGR 248,ME 382H
ME 250,ME 382H
PH 211,OR 880
PH 211H,OR 880
ENGR 213,ME 383
OR 881,ME 383
ME 316,ME 383
ME 250,ME 383
ENGR 212,OR 881
ENGR 212H,OR 881
ME 316,ME 383H
ME 250,ME 383H
OR 884,OR 882
OR 883,OR 882
OR 882,OR 882
ME 317,OR 882
ME 317H,OR 882
ME 316,OR 882
ME 331,OR 883
ME 331H,OR 883
ME 373,OR 884
ME 373H,OR 884
OR 885,ME 411
ME 317,OR 886
ME 317H,OR 886
ME 383,ME 412
OR 886,ME 412
ME 382,OR 887
ME 382H,OR 887
IE 366,OR 887
OR 887,ME 413
ME 316,ME 420
ME 317,OR 888
ME 317H,OR 888
OR 888,ME 422
ME 317,OR 889
ME 317H,OR 889
OR 889,ME 422H
ME 420,OR 890
ME 520,OR 890
OR 890,ME 424
OR 892,OR 891
OR 891,OR 891
ENGR 212,OR 891
ENGR 212H,OR 891
ECE 351,OR 891
ECE 352,OR 891
ME 317,OR 891
ME 317H,OR 891
OR 893,ME 430
OR 895,OR 894
OR 894,OR 894
ENGR 212,OR 894
ENGR 212H,OR 894
ECE 351,OR 894
ECE 352,OR 894
ME 317,OR 894
ME 317H,OR 894
OR 896,ME 430H
ME 311,OR 897
ME 311H,OR 897
NE 311,OR 897
NE 311H,OR 897
OR 899,ME 443
OR 898,ME 443
OR 897,ME 443
ME 331,OR 898
ME 331H,OR 898
NE 331,OR 898
NE 331H,OR 898
ME 332,OR 899
ME 332H,OR 899
NE 332,OR 899
NE 332H,OR 899
ME 332,OR 900
ME 332H,OR 900
NSE 332,OR 900
NSE 332H,OR 900
OR 901,ME 444
OR 900,ME 444
NSE 312H,OR 901
NSE 312,OR 901
ME 312H,OR 901
ME 312,OR 901
ME 312,OR 902
ME 312H,OR 902
OR 903,ME 445
OR 902,ME 445
ME 332,OR 903
ME 332H,OR 903
ME 332,OR 904
ME 332H,OR 904
OR 904,ME 450
ENGR 202,OR 905
ENGR 202H,OR 905
OR 909,ME 451
OR 908,ME 451
OR 907,ME 451
ME 316,ME 451
OR 906,ME 451
OR 905,ME 451
ME 311,OR 906
ME 311H,OR 906
ME 317,OR 907
ME 317H,OR 907
ME 373,OR 908
ME 373H,OR 908
ST 314,OR 909
ST 314H,OR 909
ME 311,OR 910
ME 311H,OR 910
OR 912,ME 452
OR 911,ME 452
OR 910,ME 452
ME 331,OR 911
ME 331H,OR 911
ME 332,OR 912
ME 332H,OR 912
ME 311,OR 913
ME 311H,OR 913
OR 915,ME 452H
OR 914,ME 452H
OR 913,ME 452H
ME 331,OR 914
ME 331H,OR 914
ME 332,OR 915
ME 332H,OR 915
ME 451,ME 453
ME 331,OR 916
ME 331H,OR 916
OR 916,ME 460
ME 312,OR 917
ME 312H,OR 917
OR 918,ME 461
OR 917,ME 461
ME 331,OR 918
ME 331H,OR 918
MATS 322,OR 919
ENGR 322,OR 919
OR 919,ME 480
MATS 322,OR 920
ENGR 322,OR 920
OR 920,ME 484
ME 520,ME 524
ME 531,ME 532
ME 533,ME 534
OR 921,ME 564
ME 560,ME 564
ME 565,OR 921
ME 566,OR 921
ME 560,ME 568
ME 570,OR 922
MATS 570,OR 922
OR 922,ME 585
ME 517,ME 615
ME 517,ME 617
ME 560,OR 923
ME 565,OR 923
ME 566,OR 923
OR 924,ME 667
OR 923,ME 667
ME 526,OR 924
ME 575,OR 924
CH 332,OR 925
CH 335,OR 925
OR 925,MB 302
MB 302,MB 303
OR 928,MB 310
OR 927,MB 310
OR 926,MB 310
MB 302,MB 310
BB 314,OR 926
BB 314H,OR 926
BB 450,OR 927
BB 490,OR 927
BB 491,OR 928
BB 451,OR 928
MB 303,OR 929
MB 303H,OR 929
MB 310,MB 311
OR 929,MB 311
MB 310,MB 312
BB 451,MB 312
CH 231,OR 930
CH 231H,OR 930
CH 121,OR 930
OR 932,MB 314
OR 931,MB 314
OR 930,MB 314
CH 232,OR 931
CH 232H,OR 931
CH 122,OR 931
CH 233,OR 932
CH 233H,OR 932
CH 123,OR 932
BI 204,OR 933
BI 205,OR 933
BI 206,OR 933
OR 933,MB 320
BI 204,OR 934
BI 205,OR 934
BI 206,OR 934
OR 935,MB 340
OR 934,MB 340
BI 211,OR 935
BI 212,OR 935
BI 213,OR 935
BI 211,OR 936
BI 211H,OR 936
OR 938,MB 385
BI 213,MB 385
OR 937,MB 385
OR 936,MB 385
BI 212,OR 937
BI 212H,OR 937
BI 213H,OR 938
BB 450,OR 939
BB 490,OR 939
OR 939,MB 416
MB 303,OR 940
MB 303H,OR 940
MB 416,MB 417
OR 940,MB 417
BB 451,MB 420
MB 303,MB 422
MB 314,MB 422
OR 941,MB 430
MB 302,MB 430
MB 310,MB 430
BB 451,OR 941
BB 491,OR 941
OR 942,MB 434
BB 490,OR 942
BB 491,OR 942
BB 492,OR 942
MB 303,OR 943
MB 303H,OR 943
OR 944,MB 435
MB 302,MB 435
OR 943,MB 435
MB 434,OR 944
MB 430,OR 944
BI 314,OR 945
BB 314,OR 945
BI 314H,OR 945
MB 302,OR 945
OR 945,MB 436
MB 302,MB 440
MB 303,OR 946
MB 303H,OR 946
MB 440,MB 441
OR 946,MB 441
MB 302,MB 448
OR 949,MB 456
OR 948,MB 456
OR 947,MB 456
MB 302,MB 456
BB 450,OR 947
BB 490,OR 947
BB 451,OR 948
BB 491,OR 948
MB 310,OR 949
BB 492,OR 949
BI 212,OR 950
BI 212H,OR 950
MB 302,MB 479
OR 951,MB 479
CH 331,MB 479
CH 332,MB 479
OR 950,MB 479
BB 350,OR 951
BB 450,OR 951
MB 302,MB 490
MB 540,MB 541
MS 311,MS 314
MS 312,MS 314
MS 313,MS 314
BB 451,OR 952
BB 551,OR 952
BB 492,OR 952
BB 592,OR 952
OR 952,MCB 662
MUS 111,MUS 112
MUS 111,MUS 113
MUS 171,MUS 172
MUS 172,MUS 173
MUS 186,MUS 187
MUS 111,MUS 190
MUS 201,MUS 202
MUS 201,MUS 203
MUS 201,MUS 204
MUS 271,MUS 272
MUS 272,MUS 273
MUS 123,MUS 301
MUS 123,MUS 302
MUS 123,MUS 303
MUS 123,MUS 304
MUS 112,MUS 311
MUS 213,MUS 313
MUS 123,MUS 324
MUS 123,MUS 325
MUS 123,MUS 326
MUS 123,MUS 330
MUP 291,MUS 341
MUS 371,MUS 372
MUS 372,MUS 373
MUS 325,MUS 400
MUS 445,MUS 446
MUS 446,MUS 447
MUS 495,MUS 496
MUS 121,MUED 100
MUED 100,MUED 201
MUED 100,MUED 202
MUED 100,MUED 275
MUED 100,MUED 276
MUED 100,MUED 350
MUS 121,MUED 353
MUED 100,MUED 375
MUED 100,MUED 376
MUED 100,MUED 391
MUED 100,MUED 392
MUED 326,MUED 450
MUED 121,MUED 469
MUED 353,MUED 473
MUED 473,MUED 474
MUED 473,MUED 475
MUED 100,MUED 480
MTH 111,NR 325
OR 953,NR 455
FES 485,NR 455
BI 371,OR 953
BI 373,OR 953
ENSC 479,OR 953
FE 460,OR 953
FES 486,OR 953
FOR 460,OR 953
FW 435,OR 953
FW 439,OR 953
FW 454,OR 953
FW 497,OR 953
GEOG 323,OR 953
HORT 318,OR 953
SOIL 395,OR 953
WR 462,OR 953
NS 112,NS 113
NS 111,NS 212
NS 311,NS 313
NS 322,NS 323
NS 111,NS 411
NS 211,NS 413
NS 321,NS 421
NMC 101,NMC 240
NMC 101,NMC 241
NMC 101,NMC 255
NMC 101,NMC 260
NMC 101,NMC 320
NMC 260,NMC 320
NMC 260,NMC 321
NMC 101,NMC 322
NMC 260,NMC 322
NMC 301,NMC 330
NMC 240,NMC 340
NMC 260,NMC 340
NMC 101,NMC 341
NMC 260,NMC 341
ART 222,NMC 349
ART 263,NMC 349
NMC 101,NMC 351
NMC 255,NMC 355
NMC 260,NMC 355
NMC 255,NMC 356
NMC 260,NMC 380
NMC 380,NMC 383
NMC 101,NMC 385
NMC 241,NMC 385
NMC 260,NMC 385
NMC 380,NMC 385
NMC 260,NMC 392
NMC 260,NMC 393
NMC 301,NMC 421
NMC 101,NMC 425
NMC 301,NMC 430
NMC 301,NMC 435
NMC 301,NMC 437
NMC 301,NMC 440
NMC 301,NMC 441
NMC 260,NMC 461
NMC 301,NMC 461
NMC 260,NMC 462
NMC 301,NMC 462
NMC 301,NMC 470
NMC 301,NMC 471
NMC 101,NMC 481
NMC 241,NMC 481
NMC 260,NMC 481
NMC 380,NMC 481
NMC 383,NMC 482
NMC 101,NMC 487
NMC 483,NMC 487
NMC 301,NMC 490
NMC 301,NMC 493
NMC 101,NMC 498
NMC 301,NMC 498
MTH 256,OR 954
MTH 256H,OR 954
OR 954,NSE 233
MTH 251,OR 955
MTH 251H,OR 955
OR 955,NSE 234
NSE 234,OR 956
NE 234,OR 956
RHP 234,OR 956
OR 957,NSE 235
OR 956,NSE 235
MTH 252,OR 957
MTH 252H,OR 957
NSE 235,OR 958
NE 235,OR 958
RHP 235,OR 958
OR 958,NSE 236
ENGR 212,OR 959
ENGR 212H,OR 959
OR 960,NSE 311
OR 959,NSE 311
MTH 256,OR 960
ENGR 212,OR 961
ENGR 212H,OR 961
OR 962,NSE 311H
OR 961,NSE 311H
MTH 256,OR 962
MTH 256H,OR 962
NSE 311,OR 963
NSE 311H,OR 963
NE 311,OR 963
ME 311,OR 963
ME 311H,OR 963
OR 964,NSE 312
OR 963,NSE 312
MTH 256,OR 964
MTH 256H,OR 964
NSE 311,OR 965
NSE 311H,OR 965
NE 311,OR 965
NE 311H,OR 965
ME 311,OR 965
ME 311H,OR 965
OR 966,NSE 312H
OR 965,NSE 312H
MTH 256,OR 966
MTH 256H,OR 966
MTH 254,OR 967
MTH 254H,OR 967
OR 970,NSE 331
OR 969,NSE 331
OR 968,NSE 331
OR 967,NSE 331
MTH 256,OR 968
MTH 256H,OR 968
ENGR 212,OR 969
ENGR 212H,OR 969
ENGR 311,OR 970
ENGR 311H,OR 970
ME 311,OR 970
ME 311H,OR 970
NSE 311,OR 970
NSE 311H,OR 970
NE 311,OR 970
NE 311H,OR 970
MTH 254,OR 971
MTH 254H,OR 971
OR 974,NSE 331H
OR 973,NSE 331H
OR 972,NSE 331H
OR 971,NSE 331H
MTH 256,OR 972
MTH 256H,OR 972
ENGR 212,OR 973
ENGR 212H,OR 973
ENGR 311,OR 974
ENGR 311H,OR 974
ME 311,OR 974
ME 311H,OR 974
NSE 311,OR 974
NSE 311H,OR 974
NE 311,OR 974
NE 311H,OR 974
MTH 256,OR 975
MTH 256H,OR 975
OR 978,NSE 332
OR 977,NSE 332
OR 976,NSE 332
OR 975,NSE 332
ENGR 212,OR 976
ENGR 212H,OR 976
NSE 311,OR 977
NSE 311H,OR 977
NE 311,OR 977
NE 311H,OR 977
ME 311,OR 977
ME 311H,OR 977
ME 331,OR 978
ME 331H,OR 978
NSE 331,OR 978
NSE 331H,OR 978
NE 331,OR 978
NE 331H,OR 978
MTH 256,OR 979
MTH 256H,OR 979
OR 982,NSE 332H
OR 981,NSE 332H
OR 980,NSE 332H
OR 979,NSE 332H
ENGR 212,OR 980
ENGR 212H,OR 980
NSE 311,OR 981
NSE 311H,OR 981
NE 311,OR 981
NE 311H,OR 981
ME 311,OR 981
ME 311H,OR 981
ME 331,OR 982
ME 331H,OR 982
NSE 331,OR 982
NSE 331H,OR 982
NE 331,OR 982
NE 331H,OR 982
NSE 236,NSE 415
NSE 234,OR 983
NE 234,OR 983
RHP 234,OR 983
OR 985,NSE 435
OR 984,NSE 435
OR 983,NSE 435
NSE 235,OR 984
NE 235,OR 984
RHP 235,OR 984
NSE 481,OR 985
NE 481,OR 985
RHP 481,OR 985
NSE 235,OR 986
NE 235,OR 986
RHP 235,OR 986
OR 986,NSE 440
MTH 256,OR 987
MTH 256H,OR 987
OR 989,NSE 451
OR 988,NSE 451
OR 987,NSE 451
NSE 235,OR 988
NE 235,OR 988
RHP 235,OR 988
NSE 333,OR 989
NE 333,OR 989
RHP 333,OR 989
NSE 451,OR 990
NE 451,OR 990
OR 990,NSE 452
NSE 236,OR 991
NE 236,OR 991
RHP 236,OR 991
OR 992,NSE 455
OR 991,NSE 455
MTH 256,OR 992
MTH 256H,OR 992
NSE 455,OR 993
NE 455,OR 993
OR 993,NSE 456
NSE 451,OR 994
NE 451,OR 994
NSE 551,OR 994
NE 551,OR 994
OR 995,NSE 457
OR 994,NSE 457
NSE 452,OR 995
NE 452,OR 995
NSE 552,OR 995
NE 552,OR 995
ME 332,OR 996
ME 332H,OR 996
NSE 332,OR 996
NSE 332H,OR 996
NE 332,OR 996
NE 332H,OR 996
OR 996,NSE 467
NSE 452,OR 997
NE 452,OR 997
OR 997,NSE 473
NSE 481,NSE 474
NSE 452,OR 998
NE 452,OR 998
OR 999,NSE 475
OR 998,NSE 475
NSE 474,OR 999
NE 474,OR 999
RHP 474,OR 999
NSE 235,OR 1000
NE 235,OR 1000
RHP 235,OR 1000
OR 1000,NSE 481
NSE 481,OR 1001
RHP 481,OR 1001
MP 481,OR 1001
OR 1001,NSE 483
NSE 481,OR 1002
RHP 481,OR 1002
NE 481,OR 1002
OR 1002,NSE 488
NSE 531,OR 1003
NE 531,OR 1003
RHP 531,OR 1003
OR 1004,NSE 516
OR 1003,NSE 516
NSE 536,OR 1004
NE 536,OR 1004
RHP 536,OR 1004
NSE 531,OR 1005
NE 531,OR 1005
RHP 531,OR 1005
OR 1006,NSE 517
OR 1005,NSE 517
NSE 536,OR 1006
NE 536,OR 1006
RHP 536,OR 1006
NSE 536,OR 1007
NE 536,OR 1007
RHP 536,OR 1007
OR 1007,NSE 519
NSE 536,NSE 533
NSE 531,OR 1008
NE 531,OR 1008
RHP 531,OR 1008
MP 531,OR 1008
OR 1008,NSE 536
NSE 536,OR 1009
NE 536,OR 1009
RHP 536,OR 1009
OR 1009,NSE 537
NSE 531,OR 1010
MP 531,OR 1010
RHP 531,OR 1010
OR 1010,NSE 541
NSE 531,OR 1011
PP 531,OR 1011
RHP 531,OR 1011
OR 1011,NSE 542
NSE 531,OR 1012
MP 531,OR 1012
RHP 531,OR 1012
OR 1012,NSE 543
NSE 541,OR 1013
MP 541,OR 1013
OR 1014,NSE 544
OR 1013,NSE 544
NSE 531,OR 1014
RHP 531,OR 1014
NSE 541,OR 1015
MP 541,OR 1015
OR 1016,NSE 545
OR 1015,NSE 545
NSE 531,OR 1016
MP 531,OR 1016
RHP 531,OR 1016
NSE 551,OR 1017
NE 551,OR 1017
OR 1017,NSE 552
NSE 551,OR 1018
NE 551,OR 1018
OR 1019,NSE 553
OR 1018,NSE 553
NSE 552,OR 1019
NE 552,OR 1019
NSE 555,OR 1020
NE 555,OR 1020
OR 1020,NSE 556
NSE 551,OR 1021
NE 550,OR 1021
OR 1022,NSE 557
OR 1021,NSE 557
NSE 552,OR 1022
NE 552,OR 1022
NSE 553,OR 1023
NE 553,OR 1023
OR 1024,NSE 561
OR 1023,NSE 561
NSE 567,OR 1024
NE 567,OR 1024
NSE 531,OR 1025
MP 531,OR 1025
NE 531,OR 1025
RHP 531,OR 1025
OR 1025,NSE 562
NSE 562,OR 1026
MP 562,OR 1026
OR 1026,NSE 563
NSE 551,OR 1027
NE 551,OR 1027
OR 1028,NSE 568
OR 1027,NSE 568
NSE 567,OR 1028
NE 567,OR 1028
NSE 552,OR 1029
NE 552,OR 1029
OR 1029,NSE 573
NSE 551,OR 1030
NE 551,OR 1030
OR 1032,NSE 575
OR 1031,NSE 575
OR 1030,NSE 575
NSE 552,OR 1031
NE 552,OR 1031
NSE 574,OR 1032
NE 574,OR 1032
NSE 531,OR 1033
NE 531,OR 1033
RHP 531,OR 1033
OR 1034,NSE 590
OR 1033,NSE 590
NSE 535,OR 1034
NE 535,OR 1034
RHP 535,OR 1034
NSE 551,OR 1035
NE 551,OR 1035
OR 1036,NSE 654
OR 1035,NSE 654
NSE 552,OR 1036
NE 552,OR 1036
NSE 567,OR 1037
NE 567,OR 1037
OR 1037,NSE 667
ST 201,NUR 414
NUR 413,NUR 416
NUR 416,NUR 417
NUR 413,NUR 422
CH 123,OR 1038
CH 223,OR 1038
OR 1038,NUTR 235
OR 1039,OR 1039
CH 221,OR 1039
CH 231,OR 1039
CH 231H,OR 1039
CH 121,OR 1039
CH 224H,OR 1039
OR 1040,NUTR 240
NUTR 240,NUTR 241
NUTR 235,NUTR 311
NUTR 225,OR 1041
NUTR 240,OR 1041
OR 1041,NUTR 312
NUTR 240,NUTR 319
NUTR 241,NUTR 319
NUTR 240,OR 1042
NUTR 225,OR 1042
NUTR 241,NUTR 325
OR 1042,NUTR 325
KIN 324,NUTR 341
NUTR 240,NUTR 341
NUTR 235,NUTR 416
BB 350,NUTR 417
NUTR 417,NUTR 418
NUTR 325,NUTR 423
OR 1043,OR 1043
BB 450,OR 1043
BB 451,OR 1043
BB 350,OR 1043
NUTR 439,NUTR 430
NUTR 417,NUTR 430
OR 1048,NUTR 430
OR 1047,NUTR 430
OR 1046,NUTR 430
OR 1045,NUTR 430
OR 1044,NUTR 430
BI 233,OR 1045
BI 332,OR 1045
BI 242,OR 1046
BI 342,OR 1046
BI 233,OR 1047
BI 333,OR 1047
BI 243,OR 1048
BI 343,OR 1048
NUTR 430,NUTR 431
NUTR 431,NUTR 432
NUTR 325,NUTR 439
NUTR 311,NUTR 446
NUTR 517,NUTR 518
OC 201,OC 295
OC 295,OC 296
OC 201,OC 334
OC 201,OC 440
MTH 252,OR 1049
MTH 252H,OR 1049
MTH 228,OR 1049
OR 1051,OC 449
OR 1050,OC 449
OR 1049,OC 449
ST 351,OR 1050
ST 351H,OR 1050
BI 370,OR 1051
BI 370H,OR 1051
OC 440,OR 1051
CH 122,OR 1052
CH 232,OR 1052
CH 232H,OR 1052
OR 1052,OC 450
OEAS 540,OC 521
CE 630,OR 1053
OC 630,OR 1053
OR 1053,OC 631
OC 630,OC 634
CE 631,OC 634
OEAS 530,OC 646
OEAS 540,OC 646
OC 670,OC 671
OC 670,OC 672
OC 671,OC 672
OC 530,OR 1054
OC 670,OR 1054
ATS 515,OR 1054
OR 1054,OC 673
OC 670,OC 674
OC 670,OC 675
OC 670,OC 680
OC 670,OC 681
PHL 205,PHL 390
PAC 152,PAC 153
PAC 155,PAC 156
PAC 159,PAC 160
PAC 160,PAC 161
PAC 159,PAC 163
PAC 154,OR 1055
PAC 159,OR 1055
OR 1055,PAC 165
PAC 160,PAC 166
PAC 158,OR 1056
PAC 159,OR 1056
OR 1056,PAC 167
PAC 167,PAC 168
PAC 165,PAC 170
PAC 159,PAC 171
PAC 287,PAC 288
PAC 301,PAC 302
PAC 315,PAC 316
PAC 315,PAC 317
PAC 316,PAC 317
PAC 320,PAC 321
PAC 320,PAC 323
PAC 303,PAC 326
PH 211,OR 1057
PH 211H,OR 1057
OR 1057,PH 212
PH 211,OR 1058
PH 211H,OR 1058
OR 1058,PH 212H
PH 213,PH 365
PH 213,PH 366
PH 213,PH 367
PBG 430,PBG 450
PBG 450,OR 1059
PBG 550,OR 1059
OR 1059,PBG 551
PBG 530,PBG 552
OR 1060,OR 1060
PSY 201,OR 1060
PSY 202,OR 1060
PSY 202H,OR 1060
OR 1062,PSY 298
MTH 105,PSY 298
ST 201,PSY 298
OR 1061,PSY 298
PHL 121,OR 1062
WR 222,OR 1062
WR 327,OR 1062
OR 1063,PSY 301
PSY 201,PSY 301
PSY 202,PSY 301
ST 351,OR 1063
ST 351H,OR 1063
PSY 201,PSY 330
PSY 202,PSY 330
PSY 201,PSY 340
PSY 202,PSY 340
PSY 201,PSY 340H
PSY 202,PSY 340H
PSY 201,PSY 350
PSY 202,PSY 350
PSY 201,PSY 360
PSY 202,PSY 360
PSY 201,PSY 360H
PSY 202,PSY 360H
PSY 201,PSY 370
PSY 202,PSY 370
PSY 201,PSY 381
PSY 202,PSY 381
PSY 202,PSY 426
PSY 330,PSY 432
PSY 301,PSY 434
PSY 330,PSY 434
PSY 330,OR 1064
PSY 340,OR 1064
PSY 301,PSY 437
OR 1064,PSY 437
PSY 301,PSY 440
PSY 340,PSY 440
OR 1065,PSY 442
PSY 301,PSY 442
PSY 330,OR 1065
PSY 340,OR 1065
PSY 301,PSY 444
PSY 340,PSY 444
PSY 301,PSY 448
PSY 340,PSY 448
PSY 350,PSY 454
PSY 350,PSY 456
PSY 350,PSY 458
PSY 301,PSY 460
PSY 360,PSY 460
PSY 340,PSY 463
PSY 360,PSY 464
WGSS 223,OR 1066
WGSS 223H,OR 1066
WGSS 224,OR 1066
WGSS 240,OR 1066
WGSS 262,OR 1066
WGSS 262H,OR 1066
WGSS 270,OR 1066
WGSS 280,OR 1066
WGSS 280H,OR 1066
WGSS 321,OR 1066
WGSS 325,OR 1066
WGSS 325H,OR 1066
WGSS 340,OR 1066
WGSS 340H,OR 1066
WGSS 350,OR 1066
WGSS 360,OR 1066
WGSS 360H,OR 1066
WGSS 364,OR 1066
WGSS 364H,OR 1066
WGSS 373,OR 1066
WGSS 375,OR 1066
WGSS 380,OR 1066
WGSS 380H,OR 1066
OR 1066,PSY 466
PSY 360,PSY 467
PSY 360,PSY 468
OR 1067,PSY 470
PSY 301,PSY 470
PSY 340,OR 1067
PSY 370,OR 1067
PSY 380,OR 1067
PSY 381,OR 1067
PSY 481,OR 1067
OR 1068,PSY 480
PSY 301,PSY 480
PSY 380,OR 1068
PSY 381,OR 1068
PSY 481,OR 1068
PSY 370,OR 1069
PSY 380,OR 1069
PSY 381,OR 1069
PSY 481,OR 1069
OR 1069,PSY 482
PSY 350,OR 1070
PSY 381,OR 1070
PSY 481,OR 1070
OR 1070,PSY 483
H 220,OR 1071
PSY 301,OR 1071
SOC 315,OR 1071
OR 1071,PSY 484
PSY 350,OR 1072
PSY 380,OR 1072
PSY 381,OR 1072
PSY 481,OR 1072
OR 1072,PSY 485
PSY 201,PSY 486
PSY 202,PSY 486
PSY 201,PSY 492
PSY 202,PSY 492
PSY 360,OR 1073
PSY 370,OR 1073
OR 1073,PSY 493
PSY 301,PSY 494
PSY 340,PSY 494
PSY 201,OR 1074
PSY 202,OR 1074
OR 1074,PSY 495
PSY 360,OR 1075
PSY 370,OR 1075
OR 1075,PSY 496
PSY 201,PSY 497
PSY 202,PSY 497
PSY 330,OR 1076
PSY 340,OR 1076
PSY 350,OR 1076
PSY 360,OR 1076
PSY 370,OR 1076
PSY 381,OR 1076
PSY 481,OR 1076
OR 1076,PSY 498
ST 511,PSY 514
ST 511,PSY 571
ST 512,PSY 571
H 210,H 250
H 210,H 310
H 210,H 319
PS 201,H 319
PSY 201,OR 1077
PSY 202,OR 1077
OR 1077,H 364
PSY 201,OR 1078
PSY 202,OR 1078
OR 1078,H 364H
H 100,H 376
H 225,H 376
H 407,H 410
H 225,H 421
H 320,H 421
H 220,OR 1079
ST 201,OR 1079
ST 314,OR 1079
ST 351,OR 1079
OR 1079,H 425
ECON 201,OR 1080
ECON 201H,OR 1080
H 210,H 432
OR 1080,H 432
H 210,H 434
H 250,H 434
WR 222,H 434
H 210,H 436
H 250,H 436
H 344,H 448
H 225,H 449
H 320,H 449
BA 215,H 457
H 210,H 457
H 250,H 457
H 210,H 458
H 225,H 476
H 320,H 476
NUTR 225,H 477
H 513,OR 1081
H 535,OR 1081
OR 1081,H 525
H 524,H 526
H 525,H 526
H 533,OR 1082
HHS 514,OR 1082
OR 1082,H 530
H 513,OR 1083
HHS 514,OR 1083
OR 1083,H 536
H 513,OR 1084
H 525,OR 1084
H 535,OR 1084
HHS 513,OR 1084
OR 1084,H 537
H 525,H 544
H 571,H 549
H 525,H 550
H 526,H 551
H 560,H 551
H 580,H 551
H 513,OR 1085
H 525,OR 1085
H 535,OR 1085
HHS 514,OR 1085
OR 1085,H 552
H 513,OR 1086
H 525,OR 1086
H 535,OR 1086
HHS 514,OR 1086
OR 1086,H 554
H 513,OR 1087
HHS 514,OR 1087
H 525,OR 1087
H 535,OR 1087
OR 1087,H 555
H 524,H 560
H 525,H 560
H 513,OR 1088
H 525,OR 1088
H 535,OR 1088
H 514,OR 1088
OR 1088,H 562
H 513,OR 1089
HHS 514,OR 1089
H 525,OR 1089
H 535,OR 1089
OR 1089,H 563
H 513,OR 1090
H 515,OR 1090
HHS 514,OR 1090
OR 1090,H 575
H 515,OR 1091
HHS 514,OR 1091
H 571,H 576
H 575,H 576
OR 1091,H 576
H 524,OR 1092
H 526,OR 1092
OR 1092,H 578
H 524,OR 1093
HDFS 530,OR 1093
OR 1093,H 580
H 581,H 582
H 524,OR 1094
HDFS 530,OR 1094
OR 1094,H 584
H 581,H 586
H 524,OR 1095
HDFS 530,OR 1095
OR 1095,H 587
H 547,H 592
H 581,H 592
H 513,OR 1096
HHS 514,OR 1096
H 525,OR 1096
H 535,OR 1096
OR 1096,H 593
H 513,OR 1097
H 525,OR 1097
H 535,OR 1097
HHS 514,OR 1097
OR 1097,H 596
H 513,OR 1098
H 525,OR 1098
H 535,OR 1098
HHS 514,OR 1098
OR 1098,H 597
H 513,H 598
H 533,H 598
H 524,H 630
H 630,H 632
H 533,H 638
H 526,H 650
H 551,H 650
H 580,H 650
H 526,H 651
H 581,H 651
H 651,H 652
H 630,H 659
H 526,H 662
H 562,H 662
ECON 201,PPOL 421
PS 201,PPOL 421
SOC 204,PPOL 421
PPOL 421,PPOL 422
PPOL 521,PPOL 522
ECON 524,PPOL 522
ECON 524,OR 1099
PPOL 522,OR 1099
OR 1100,PPOL 622
PPOL 621,PPOL 622
OR 1099,PPOL 622
AEC 523,OR 1100
AEC 525,OR 1100
ANTH 591,OR 1101
HDFS 538,OR 1101
SOC 518,OR 1101
OR 1101,PPOL 628
QS 262,QS 476
OR 1102,RNG 457
FW 251,RNG 457
RNG 341,RNG 457
MTH 241,RNG 457
ST 201,OR 1102
ST 351,OR 1102
OR 1103,RNG 458
FW 251,RNG 458
RNG 341,RNG 458
MTH 241,RNG 458
ST 201,OR 1103
ST 351,OR 1103
ME 430,ROB 421
ST 314,ROB 456
RUS 111,RUS 112
RUS 112,RUS 113
SED 474,SED 476
SED 473,SED 477
SED 574,SED 576
SED 573,SED 577
SED 580,SED 611
SED 580,SED 612
SED 580,SED 613
SED 580,SED 621
SED 580,SED 622
SED 580,SED 623
SOC 204,OR 1104
SOC 204H,OR 1104
SOC 205,OR 1104
SOC 206,OR 1104
OR 1104,SOC 312
SOC 204,OR 1105
SOC 204H,OR 1105
OR 1105,SOC 312H
SOC 204,OR 1106
SOC 204H,OR 1106
OR 1106,SOC 313
SOC 204,OR 1107
SOC 204H,OR 1107
OR 1107,SOC 315
SOC 204,OR 1108
SOC 204H,OR 1108
SOC 315,SOC 316
OR 1108,SOC 316
SOC 204,OR 1109
SOC 204H,OR 1109
OR 1109,SOC 340
SOC 204,OR 1110
SOC 204H,OR 1110
OR 1110,SOC 350
SOC 204,OR 1111
SOC 204H,OR 1111
OR 1111,SOC 355
SOC 204,OR 1112
SOC 204H,OR 1112
OR 1112,SOC 360
SOC 204,OR 1113
SOC 204H,OR 1113
OR 1113,SOC 381
SOC 204,OR 1114
SOC 204H,OR 1114
OR 1114,SOC 399
SOC 204,OR 1115
SOC 204H,OR 1115
OR 1115,SOC 399H
SOC 204,OR 1116
SOC 204H,OR 1116
OR 1116,SOC 407
SOC 204,OR 1117
SOC 204H,OR 1117
OR 1117,SOC 413
SOC 204,OR 1118
SOC 204H,OR 1118
OR 1118,SOC 418
SOC 204,OR 1119
SOC 204H,OR 1119
OR 1119,SOC 422
SOC 204,OR 1120
SOC 204H,OR 1120
OR 1120,SOC 424
SOC 204,OR 1121
SOC 204H,OR 1121
OR 1121,SOC 426
SOC 204,OR 1122
SOC 204H,OR 1122
SOC 205,OR 1122
SOC 206,OR 1122
OR 1122,SOC 430
SOC 204,OR 1123
SOC 204H,OR 1123
SOC 205,OR 1123
SOC 206,OR 1123
OR 1123,SOC 432
SOC 204,OR 1124
SOC 204H,OR 1124
OR 1124,SOC 437
SOC 204,OR 1125
SOC 204H,OR 1125
OR 1125,SOC 438
SOC 204,OR 1126
SOC 204H,OR 1126
SOC 205,OR 1126
SOC 206,OR 1126
OR 1126,SOC 439
SOC 204,OR 1127
SOC 204H,OR 1127
OR 1127,SOC 440
SOC 204,OR 1128
SOC 204H,OR 1128
OR 1128,SOC 441
SOC 204,OR 1129
SOC 204H,OR 1129
OR 1129,SOC 442
SOC 204,SOC 444
SOC 204,SOC 444H
SOC 204,OR 1130
SOC 204H,OR 1130
OR 1130,SOC 449
SOC 204,OR 1131
SOC 204H,OR 1131
OR 1131,SOC 450
SOC 204,OR 1132
SOC 204H,OR 1132
OR 1132,SOC 452
SOC 204,OR 1133
SOC 204H,OR 1133
OR 1133,SOC 453
SOC 204,OR 1134
SOC 204H,OR 1134
OR 1134,SOC 454
SOC 204,OR 1135
SOC 204H,OR 1135
OR 1135,SOC 456
SOC 204,OR 1136
SOC 204H,OR 1136
OR 1136,SOC 460
SOC 204,OR 1137
SOC 204H,OR 1137
OR 1137,SOC 466
SOC 204,OR 1138
SOC 204H,OR 1138
OR 1138,SOC 470
SOC 204,OR 1139
SOC 204H,OR 1139
OR 1139,SOC 471
SOC 204,OR 1140
SOC 204H,OR 1140
OR 1140,SOC 472
SOC 204,OR 1141
SOC 204H,OR 1141
OR 1141,SOC 475
SOC 204,OR 1142
SOC 204H,OR 1142
OR 1142,SOC 480
SOC 204,OR 1143
SOC 204H,OR 1143
OR 1143,SOC 481
CS 162,SE 201
CS 362,SE 303
CS 466,SE 467
SE 467,SE 468
FOR 206,SOIL 205
SOIL 206,SOIL 205
CH 121,OR 1144
CH 231,OR 1144
OR 1145,SOIL 316
OR 1144,SOIL 316
SOIL 205,OR 1145
CSS 205,OR 1145
CSS 305,OR 1145
OR 1146,OR 1146
SOIL 206,OR 1146
FOR 206,OR 1146
SOIL 205,OR 1146
CSS 205,SOIL 360
OR 1147,SOIL 360
SOIL 205,OR 1148
CSS 205,OR 1148
CSS 305,OR 1148
OR 1148,SOIL 366
OR 1150,OR 1149
CSS 205,OR 1149
OR 1149,OR 1149
SOIL 206,OR 1149
FOR 206,OR 1149
SOIL 205,OR 1149
OR 1155,SOIL 388
OR 1152,SOIL 388
OR 1151,SOIL 388
CH 121,OR 1152
CH 231,OR 1152
OR 1154,OR 1153
OR 1153,OR 1153
BI 204,OR 1153
BI 205,OR 1153
BI 206,OR 1153
BOT 220,OR 1153
BI 211,OR 1154
BI 212,OR 1154
BI 213,OR 1154
CH 121,OR 1156
CH 122,OR 1156
CH 123,OR 1156
CH 201,OR 1156
CH 202,OR 1156
CH 231,OR 1156
CH 231H,OR 1156
CH 232,OR 1156
CH 232H,OR 1156
CH 233,OR 1156
CH 233H,OR 1156
OR 1156,SOIL 395
CSS 205,OR 1157
CSS 305,OR 1157
SOIL 205,OR 1157
OR 1157,SOIL 435
SOIL 205,OR 1158
CSS 205,OR 1158
CSS 305,OR 1158
OR 1158,SOIL 466
CSS 466,SOIL 468
SOIL 466,SOIL 468
SOIL 512,SOIL 514
SOIL 566,SOIL 568
CSS 566,SOIL 568
CSS 535,OR 1159
SOIL 535,OR 1159
OR 1159,SOIL 635
SPAN 111,SPAN 112
SPAN 112,SPAN 113
SPAN 113,SPAN 211
SPAN 211,SPAN 212
SPAN 212,SPAN 213
SPAN 113,SPAN 221
SPAN 221,SPAN 222
SPAN 213,SPAN 311
SPAN 213,SPAN 312
SPAN 350,SPAN 453
SPAN 350,SPAN 456
ST 201,ST 202
MTH 252,OR 1160
MTH 252H,OR 1160
OR 1160,ST 314
ST 351,OR 1161
ST 351H,OR 1161
OR 1161,ST 352
ST 411,ST 412
ST 412,ST 413
ST 352,OR 1162
ST 411,OR 1162
ST 511,OR 1162
OR 1162,ST 415
ST 421,ST 422
ST 412,OR 1163
ST 512,OR 1163
OR 1163,ST 435
ST 201,OR 1164
ST 351,OR 1164
OR 1164,ST 439
ST 422,OR 1165
ST 522,OR 1165
OR 1165,ST 441
ST 421,OR 1166
ST 521,OR 1166
OR 1166,ST 443
ST 511,ST 512
ST 512,ST 513
ST 516,ST 517
ST 517,ST 518
ST 521,ST 522
ST 516,ST 525
ST 517,ST 525
ST 518,ST 525
ST 512,OR 1167
ST 517,OR 1167
ST 552,OR 1167
OR 1167,ST 537
ST 512,OR 1168
ST 517,OR 1168
ST 552,OR 1168
ST 412,OR 1168
OR 1168,ST 538
ST 551,ST 552
ST 552,ST 553
ST 553,ST 555
ST 518,ST 558
ST 561,ST 562
ST 562,ST 563
ST 516,ST 566
ST 517,ST 566
ST 518,ST 566
ST 516,ST 595
ST 517,ST 595
ST 518,ST 595
ST 558,ST 595
ST 553,ST 623
ST 563,ST 623
ST 553,OR 1169
ST 563,OR 1169
OR 1169,ST 625
ST 651,ST 652
ST 661,ST 662
ST 662,ST 663
SNR 511,SNR 506
TA 248,TA 249
TA 147,TA 344
TA 248,TA 348
TA 248,TA 349
TA 354,TA 454
TRAL 173,OR 1170
PAC 173,OR 1170
OR 1170,TRAL 218
TRAL 110,OR 1171
PAC 110,OR 1171
OR 1172,TRAL 260
OR 1171,TRAL 260
TRAL 111,OR 1172
PAC 111,OR 1172
TRAL 110,OR 1173
PAC 110,OR 1173
TRAL 115,TRAL 280
TRAL 118,TRAL 280
TRAL 173,TRAL 280
OR 1174,TRAL 280
OR 1173,TRAL 280
TRAL 111,OR 1174
PAC 111,OR 1174
TRAL 251,OR 1175
FES 251,OR 1175
OR 1175,TRAL 351
TRAL 280,OR 1176
TOL 375,OR 1176
OR 1176,TRAL 370
TRAL 130,TRAL 374
TRAL 132,TRAL 374
TRAL 215,TRAL 374
TRAL 370,TRAL 377
TRAL 260,TRAL 377
TRAL 370,TRAL 379
TRAL 251,OR 1177
FES 251,OR 1177
OR 1177,TRAL 456
TRAL 251,OR 1178
FES 251,OR 1178
OR 1178,TRAL 457
TRAL 375,OR 1179
TOL 375,OR 1179
OR 1179,TRAL 478
BB 490,TOX 411
BB 450,TOX 411
BB 350,TOX 411
TOX 411,TOX 413
BB 490,TOX 429
BB 450,TOX 429
BB 350,TOX 429
CH 123,OR 1180
CH 331,OR 1180
OR 1180,TOX 430
CH 331,TOX 455
BB 590,TOX 511
BB 550,TOX 511
TOX 511,TOX 512
TOX 511,TOX 513
TOX 514,TOX 611
VMB 517,VMB 518
VMB 518,VMB 519
VMB 611,VMB 622
VMB 736,VMB 756
VMB 751,VMB 768
VMC 778,VMC 712
VMC 783,VMC 726
VMC 796,VMC 749
VMC 732,VMC 752
VMC 734,VMC 754
VMC 735,VMC 755
VMC 735,VMC 758
VMC 725,VMC 793
VMC 785,VMC 793
WGSS 223,OR 1181
WGSS 223H,OR 1181
OR 1181,WGSS 319
WGSS 223,OR 1182
WGSS 223H,OR 1182
OR 1182,WGSS 414
WS 223,OR 1183
WS 223H,OR 1183
WS 224,OR 1183
WGSS 223,OR 1183
WGSS 223H,OR 1183
WGSS 224,OR 1183
OR 1183,WGSS 416
WGSS 414,WGSS 418
WS 223,OR 1184
WS 223H,OR 1184
WGSS 223,OR 1184
WGSS 223H,OR 1184
OR 1184,WGSS 430
WGSS 223,OR 1185
WGSS 223H,OR 1185
WGSS 224,OR 1185
OR 1185,WGSS 460
WGSS 223,OR 1186
WS 223,OR 1186
WGSS 224,OR 1186
WS 224,OR 1186
OR 1186,WGSS 463
WS 223,OR 1187
WS 223H,OR 1187
WS 224,OR 1187
WGSS 240,OR 1187
WGSS 262,OR 1187
WGSS 262H,OR 1187
WGSS 270,OR 1187
WGSS 280,OR 1187
WGSS 280H,OR 1187
WGSS 321,OR 1187
WGSS 325,OR 1187
WGSS 325H,OR 1187
WGSS 340,OR 1187
WGSS 340H,OR 1187
WGSS 350,OR 1187
WGSS 360,OR 1187
WGSS 360H,OR 1187
WGSS 364,OR 1187
WGSS 364H,OR 1187
WGSS 373,OR 1187
WGSS 375,OR 1187
WGSS 380,OR 1187
WGSS 380H,OR 1187
OR 1187,WGSS 466
QS 262,WGSS 476
WGSS 223,OR 1188
WGSS 223H,OR 1188
WGSS 224,OR 1188
OR 1188,WGSS 480
WS 223,OR 1189
WS 223H,OR 1189
WS 224,OR 1189
WGSS 223,OR 1189
WGSS 223H,OR 1189
WGSS 224,OR 1189
OR 1189,WGSS 480H
ANTH 373,OR 1190
ES 373,OR 1190
WGSS 373,OR 1190
WLC 373,OR 1190
OR 1191,WGSS 485
OR 1190,WGSS 485
ANTH 410,OR 1191
ES 410,OR 1191
WGSS 410,OR 1191
WLC 410,OR 1191
WS 486,OR 1192
WS 586,OR 1192
WGSS 486,OR 1192
WGSS 586,OR 1192
OR 1192,WGSS 487
WS 486,OR 1193
WS 487,OR 1193
WGSS 486,OR 1193
WGSS 487,OR 1193
OR 1193,WGSS 488
WGSS 414,WGSS 498
WGSS 416,WGSS 498
WGSS 616,WGSS 617
CH 122,OR 1194
CH 202,OR 1194
CH 232,OR 1194
CH 232H,OR 1194
OR 1194,WSE 321
WSE 321,WSE 322
WSE 321,WSE 324
WSE 322,WSE 324
WSE 250,WSE 350
WSE 250,WSE 351
WSE 350,WSE 352
WSE 210,WSE 413
WSE 211,WSE 413
MTH 254,WSE 430
WSE 324,WSE 430
WSE 250,WSE 450
WSE 455,WSE 450
WSE 250,WSE 451
WSE 450,WSE 451
WSE 455,WSE 451
CE 381,WSE 458
WSE 210,WSE 461
WSE 321,WSE 461
WSE 324,WSE 461
WSE 461,WSE 462
WSE 462,WSE 463
WSE 513,WSE 516
WSE 514,WSE 516
ANTH 373,OR 1195
ES 373,OR 1195
WGSS 373,OR 1195
WLC 373,OR 1195
OR 1196,WLC 485
OR 1195,WLC 485
ANTH 410,OR 1196
ES 410,OR 1196
WGSS 410,OR 1196
WLC 410,OR 1196
WR 121,OR 1197
WR 121H,OR 1197
WR 121,OR 1197
OR 1197,WR 214
WR 121,OR 1198
WR 121H,OR 1198
WR 121,OR 1198
OR 1198,WR 222
WR 121,OR 1199
WR 121H,OR 1199
WR 121,OR 1199
OR 1199,WR 224
WR 121,WR 228
WR 121,OR 1200
WR 121H,OR 1200
OR 1200,WR 240
WR 121,OR 1201
WR 121H,OR 1201
WR 121,OR 1201
OR 1201,WR 241
WR 121,WR 250
WR 121,WR 301
WR 121,OR 1202
WR 121H,OR 1202
OR 1202,WR 303
WR 121,OR 1203
WR 121H,OR 1203
WR 121,OR 1203
OR 1203,WR 323
WR 224,WR 324
WR 121,OR 1204
WR 121H,OR 1204
WR 121,OR 1204
OR 1204,WR 327
WR 121,OR 1205
WR 121H,OR 1205
WR 121,OR 1205
OR 1205,WR 327H
WR 121,OR 1206
WR 121H,OR 1206
OR 1206,WR 329
WR 121,OR 1207
WR 121H,OR 1207
WR 121,OR 1207
OR 1207,WR 330
WR 240,WR 340
WR 241,WR 341
WR 121,WR 353
WR 121,OR 1208
WR 121H,OR 1208
OR 1208,WR 362
WR 121,OR 1209
WR 121H,OR 1209
OR 1209,WR 362H
WR 121,OR 1210
WR 121H,OR 1210
OR 1211,WR 383
OR 1210,WR 383
HC 199,OR 1211
PHL 121,OR 1211
WR 201,OR 1211
WR 214,OR 1211
WR 222,OR 1211
WR 224,OR 1211
WR 241,OR 1211
WR 323,OR 1211
WR 324,OR 1211
WR 327,OR 1211
WR 330,OR 1211
WR 341,OR 1211
WR 362,OR 1211
WR 121,OR 1212
WR 121H,OR 1212
OR 1212,WR 414
WR 324,WR 424
WR 340,WR 440
WR 341,WR 441
WR 121,OR 1213
WR 121H,OR 1213
OR 1213,WR 462
WR 121,OR 1214
WR 121H,OR 1214
OR 1214,WR 466
WR 121,OR 1215
WR 121H,OR 1215
OR 1215,WR 485
WR 121,OR 1216
WR 121H,OR 1216
OR 1216,WR 497
OR 1217,Z 350
BI 204,OR 1217
BI 205,OR 1217
BI 206,OR 1217
OR 1218,Z 361
BI 204,OR 1218
BI 205,OR 1218
BI 206,OR 1218
OR 1221,OR 1219
OR 1220,OR 1219
OR 1219,OR 1219
Z 361,OR 1219
BI 211,OR 1219
BI 211H,OR 1219
BI 212,OR 1220
BI 212H,OR 1220
BI 213,OR 1221
BI 213H,OR 1221
OR 1222,Z 362
OR 1223,Z 364
BI 204,OR 1223
BI 205,OR 1223
BI 206,OR 1223
OR 1224,Z 365
BI 204,OR 1224
BI 205,OR 1224
BI 206,OR 1224
OR 1225,Z 371
BI 204,OR 1225
BI 205,OR 1225
BI 206,OR 1225
Z 371,Z 372
OR 1226,Z 372
BI 204,OR 1226
BI 205,OR 1226
BI 206,OR 1226
OR 1227,Z 374
BI 204,OR 1227
BI 205,OR 1227
BI 206,OR 1227
BI 211,OR 1228
BI 211H,OR 1228
OR 1231,Z 422
OR 1230,Z 422
OR 1229,Z 422
OR 1228,Z 422
BI 212,OR 1229
BI 212H,OR 1229
BI 213,OR 1230
BI 213H,OR 1230
CH 335,OR 1231
CH 332,OR 1231
OR 1234,Z 423
OR 1233,OR 1232
OR 1232,OR 1232
CH 233,OR 1232
CH 233H,OR 1232
CH 123,OR 1232
CH 263,OR 1233
CH 263H,OR 1233
BI 311,OR 1235
BI 311H,OR 1235
OR 1236,Z 425
OR 1235,Z 425
BI 314,OR 1236
BI 314H,OR 1236
BB 314,OR 1236
BB 314H,OR 1236
BI 211,OR 1237
BI 211H,OR 1237
OR 1240,Z 431
OR 1239,Z 431
OR 1238,Z 431
OR 1237,Z 431
BI 212,OR 1238
BI 212H,OR 1238
BI 213,OR 1239
BI 213H,OR 1239
CH 335,OR 1240
CH 332,OR 1240
Z 431,Z 432
BB 314,OR 1241
BB 314H,OR 1241
OR 1241,Z 437
OR 1244,Z 438
OR 1243,OR 1242
OR 1242,OR 1242
CH 233,OR 1242
CH 233H,OR 1242
CH 123,OR 1242
CH 263,OR 1243
CH 263H,OR 1243
CH 123,Z 440
Z 431,Z 442
Z 432,Z 442
OR 1245,Z 461
BI 204,OR 1245
BI 205,OR 1245
BI 206,OR 1245
OR 1246,Z 473
BI 204,OR 1246
BI 205,OR 1246
BI 206,OR 1246
OR 1247,Z 477
BI 204,OR 1247
BI 205,OR 1247
BI 206,OR 1247
