ALS 161,0
OR 0,1
ALS 162,0
OR 1,1
OR 2,1
ACTG 317,0
OR 3,1
ACTG 318,0
ACTG 319,0
ACTG 321,0
OR 4,1
ACTG 326,0
OR 5,1
OR 6,1
ACTG 378,0
OR 7,1
OR 8,1
ACTG 379,0
OR 9,1
ACTG 414,0
ACTG 415,0
ACTG 416,0
ACTG 417,0
ACTG 418,0
ACTG 419,0
OR 10,1
ACTG 420,0
ACTG 422,0
ACTG 424,0
OR 11,1
ACTG 425,0
ACTG 427,0
ACTG 428,0
OR 12,1
ACTG 518,0
ACTG 519,0
ACTG 524,0
AHE 523,0
OR 13,1
AHE 524,0
OR 14,1
AHE 525,0
AHE 533,0
OR 15,1
AHE 615,0
AHE 616,0
AHE 673,0
AHE 674,0
AHE 675,0
AAE 210,0
OR 16,1
AAE 412,0
OR 17,1
ASL 112,0
ASL 113,0
ASL 211,0
ASL 212,0
ASL 213,0
OR 18,1
ANS 302,0
OR 19,1
OR 20,1
OR 21,1
ANS 311,0
OR 22,1
OR 23,1
ANS 316,0
OR 24,1
ANS 317,0
OR 25,1
ANS 320,0
OR 26,1
ANS 333,0
OR 27,1
ANS 341,0
OR 28,1
ANS 378,0
OR 29,1
ANS 380,0
OR 30,1
OR 31,1
OR 32,1
ANS 385,0
OR 33,1
OR 34,1
OR 35,1
OR 36,1
ANS 390,0
OR 37,1
OR 38,1
ANS 427,0
ANS 432,0
ANS 440,0
ANS 441,0
ANS 446,0
OR 39,3
ANS 456,0
OR 40,1
ANS 662,0
ANTH 332,0
ANTH 371,0
ANTH 421,0
ANTH 422,0
ANTH 425,0
OR 41,1
ANTH 430,0
ANTH 435,0
ANTH 437,0
OR 42,1
ANTH 440,0
OR 43,1
ANTH 441,0
ANTH 442,0
ANTH 443,0
OR 44,1
ANTH 444,0
ANTH 446,0
OR 45,1
ANTH 448,0
OR 46,1
OR 47,1
ANTH 461,0
OR 48,1
ANTH 469,0
OR 49,1
ANTH 483,0
OR 50,1
OR 51,1
ANTH 485,0
OR 52,1
OR 53,1
ANTH 487,0
ANTH 498,0
OR 54,1
AEC 211,0
OR 55,1
AEC 221,0
OR 56,4
OR 57,1
AEC 311,0
OR 59,3
AEC 313,0
OR 61,1
OR 62,1
AEC 372,0
OR 63,1
AEC 440,0
AEC 446,0
AEC 448,0
OR 64,1
AEC 452,0
OR 65,1
AEC 465,0
AEC 466,0
OR 66,1
AEC 513,0
AEC 543,0
AEC 550,0
OR 67,1
AEC 551,0
OR 68,1
AEC 611,0
AEC 612,0
AEC 613,0
AEC 625,0
AEC 626,0
AEC 640,0
AEC 643,0
AEC 651,0
OR 69,1
AEC 652,0
OR 70,1
AEC 653,0
AJ 311,0
AJ 312,0
AJ 313,0
AJ 490,0
ART 215,0
ART 222,0
ART 234,0
ART 271,0
ART 306,0
ART 331,0
ART 334,0
ART 341,0
ART 345,0
ART 347,0
ART 348,0
ART 349,0
ART 351,0
ART 354,0
ART 375,0
ART 376,0
ART 377,0
ART 378,0
ART 379,0
ART 381,0
ART 382,0
ART 383,0
ART 384,0
ART 385,0
ART 391,0
OR 71,1
ART 400,0
ART 413,0
ART 418,0
ART 422,0
ART 441,0
ART 443,0
ART 444,0
ART 446,0
ART 447,0
ART 454,0
ART 456,0
ART 475,0
ART 479,0
ART 481,0
ART 491,0
OR 72,1
ATS 295,0
ATS 301,0
OR 73,1
ATS 310,0
OR 74,1
OR 75,8
OR 76,1
ATS 411,0
OR 77,1
OR 78,1
ATS 412,0
OR 79,1
OR 80,1
OR 81,1
ATS 417,0
OR 82,1
ATS 475,0
OR 83,1
ATS 516,0
ATS 517,0
OR 84,1
ATS 541,0
OR 85,1
ATS 615,0
BB 314,0
OR 86,3
OR 87,1
BB 315,0
BB 350,0
OR 88,1
BB 360,0
OR 89,1
OR 90,1
OR 91,1
OR 92,1
BB 361,0
OR 93,1
BB 450,0
OR 94,1
BB 451,0
OR 95,1
BB 460,0
OR 96,1
BB 481,0
BB 482,0
OR 97,1
BB 483,0
OR 98,1
BB 485,0
OR 99,1
BB 486,0
OR 100,1
OR 101,1
BB 490,0
OR 102,1
BB 491,0
OR 103,1
BB 492,0
OR 104,1
OR 105,1
BB 493,0
OR 106,1
BB 494,0
BB 582,0
BB 583,0
BB 591,0
BB 592,0
BHS 316,0
OR 107,1
OR 108,1
BHS 320,0
OR 109,1
BHS 329,0
OR 110,1
OR 111,1
BHS 340,0
OR 112,1
OR 113,1
BEE 221,0
OR 114,1
OR 115,1
BEE 311,0
OR 116,1
OR 117,1
OR 118,1
BEE 312,0
BEE 313,0
BEE 320,0
OR 119,1
BEE 322,0
BEE 361,0
BEE 411,0
OR 120,1
BEE 433,0
OR 121,1
BEE 438,0
BEE 439,0
OR 122,1
BEE 446,0
OR 123,1
BEE 458,0
OR 124,1
BEE 468,0
BEE 470,0
BEE 472,0
OR 125,1
OR 126,1
BEE 525,0
OR 127,1
BIOE 340,0
OR 128,1
OR 129,3
BIOE 351,0
OR 130,3
BIOE 415,0
BIOE 420,0
BIOE 440,0
BIOE 445,0
OR 131,1
BIOE 457,0
OR 132,1
OR 133,1
BIOE 459,0
OR 134,1
OR 135,1
BIOE 462,0
OR 136,1
OR 137,1
BIOE 490,0
BIOE 491,0
BIOE 492,0
BI 232,0
BI 233,0
BI 241,0
BI 242,0
BI 243,0
BI 311,0
OR 138,1
BI 315,0
OR 139,1
BI 331,0
OR 140,1
OR 141,1
OR 142,2
BI 332,0
BI 333,0
BI 351,0
OR 143,1
BI 353,0
OR 144,1
BI 358,0
OR 145,5
OR 146,1
BI 370,0
OR 148,1
BI 375,0
OR 149,1
BI 427,0
OR 150,1
OR 151,1
BI 445,0
BI 451,0
OR 152,1
BI 456,0
OR 153,3
OR 154,1
OR 155,1
BI 481,0
OR 156,1
BI 483,0
OR 157,1
OR 158,3
OR 159,1
OR 160,3
BI 485,0
OR 161,3
OR 162,1
BI 495,0
BOT 313,0
OR 163,1
BOT 331,0
OR 164,1
OR 165,3
BOT 350,0
OR 167,1
OR 168,1
BOT 413,0
BOT 458,0
OR 169,1
BOT 460,0
OR 170,1
OR 171,1
BOT 475,0
OR 172,1
BA 162,0
BA 168,0
OR 173,1
BA 211,0
OR 174,1
BA 213,0
OR 175,1
BA 223,0
OR 176,1
BA 240,0
OR 177,1
OR 178,1
BA 253,0
OR 179,1
OR 180,1
BA 270,0
OR 181,1
BA 275,0
OR 182,1
BA 276,0
OR 183,1
BA 281,0
OR 184,1
OR 185,1
BA 282,0
OR 186,1
BA 284,0
OR 187,1
BA 302,0
OR 188,1
BA 302H,0
OR 189,1
BA 333,0
OR 190,1
OR 191,1
BA 347,0
OR 192,1
BA 349,0
OR 193,1
BA 352,0
OR 194,1
OR 195,1
BA 357,0
OR 196,1
BA 360,0
OR 197,1
OR 198,1
BA 363,0
BA 368,0
OR 199,1
BA 370,0
BA 371,0
OR 200,1
BA 372,0
OR 201,1
OR 202,1
BA 375,0
BA 376,0
BA 381,0
OR 203,1
BA 390,0
OR 204,1
BA 447,0
OR 205,1
BA 451,0
BA 454,0
OR 206,1
BA 458,0
OR 207,1
BA 459,0
OR 208,1
BA 460,0
OR 209,1
OR 210,1
BA 463,0
OR 211,1
BA 467,0
BA 468,0
OR 212,1
BA 474,0
OR 213,1
BA 475,0
BA 476,0
OR 214,1
BA 478,0
OR 215,1
OR 216,1
BA 479,0
BA 480,0
OR 217,1
BA 483,0
BA 487,0
BA 488,0
BA 552,0
BA 554,0
BA 557,0
BA 559,0
BA 570,0
BA 574,0
BA 575,0
BA 576,0
BA 577,0
BA 578,0
OR 218,1
CBEE 102,0
OR 219,1
CBEE 211,0
OR 220,1
CBEE 212,0
OR 221,3
CBEE 213,0
CBEE 280,0
OR 222,1
CBEE 320,0
OR 223,1
CBEE 416,0
OR 224,1
CHE 311,0
OR 225,1
CHE 312,0
OR 226,1
CHE 320,0
OR 227,1
CHE 331,0
OR 228,3
CHE 332,0
OR 229,1
OR 230,1
CHE 333,0
CHE 334,0
OR 231,3
OR 232,1
CHE 361,0
OR 233,1
CHE 411,0
OR 234,1
CHE 415,0
OR 235,1
CHE 417,0
CHE 431,0
CHE 432,0
CHE 443,0
OR 236,1
CHE 444,0
CHE 450,0
CHE 451,0
CHE 452,0
OR 237,1
OR 238,1
CHE 461,0
OR 239,3
CHE 542,0
CH 101,0
OR 240,1
CH 124,0
CH 125,0
CH 201,0
OR 241,1
CH 202,0
CH 205,0
OR 242,1
CH 324,0
OR 243,1
CH 331,0
CH 332,0
OR 244,1
CH 334,0
CH 335,0
CH 336,0
OR 245,1
CH 337,0
OR 246,1
OR 247,11
OR 248,1
OR 249,3
OR 250,3
CH 361,0
OR 252,1
CH 362,0
OR 253,1
CH 390,0
CH 412,0
CH 435,0
OR 254,1
OR 255,1
CH 440,0
OR 256,1
CH 441,0
OR 257,1
OR 258,1
CH 442,0
OR 259,1
CH 450,0
OR 260,1
CH 461,0
OR 261,1
CH 471,0
OR 262,1
CH 490,0
CH 512,0
CH 516,0
OR 263,1
CH 550,0
CH 633,0
CH 680,0
CHN 112,0
CHN 113,0
CHN 211,0
CHN 212,0
CHN 213,0
CHN 311,0
CHN 312,0
CHN 313,0
OR 264,1
CCE 201,0
OR 265,1
CCE 203,0
CCE 421,0
OR 266,1
CCE 422,0
CCE 424,0
CCE 621,0
OR 267,1
CE 202,0
OR 268,1
CE 311,0
OR 269,1
CE 313,0
OR 270,1
CE 361,0
OR 271,1
CE 365,0
CE 372,0
OR 272,5
OR 273,1
CE 373,0
OR 274,1
CE 381,0
CE 382,0
OR 275,3
CE 383,0
OR 277,1
CE 392,0
OR 278,1
CE 411,0
CE 412,0
CE 415,0
CE 417,0
CE 424,0
OR 279,1
CE 427,0
OR 280,1
OR 281,1
OR 282,1
CE 461,0
OR 283,1
CE 463,0
OR 284,1
CE 465,0
OR 285,1
CE 469,0
OR 286,1
CE 471,0
OR 287,1
CE 479,0
CE 481,0
CE 482,0
OR 288,1
CE 484,0
CE 486,0
CE 491,0
CE 492,0
CE 514,0
OR 289,1
CE 516,0
CE 518,0
OR 290,1
CE 525,0
CE 530,0
OR 291,1
CE 532,0
OR 292,1
CE 535,0
OR 293,1
CE 538,0
CE 576,0
OR 294,1
CE 631,0
OR 295,1
CE 634,0
CE 642,0
CE 643,0
CE 645,0
CE 647,0
OR 296,1
COMM 312,0
COMM 332,0
COMM 414,0
COMM 432,0
COMM 464,0
COMM 470,0
OR 297,1
CS 151,0
CS 161,0
OR 298,1
CS 162,0
CS 165,0
OR 299,1
CS 225,0
OR 300,1
CS 261,0
OR 301,1
CS 262,0
OR 302,1
CS 271,0
OR 303,1
CS 290,0
CS 295,0
OR 304,1
CS 312,0
CS 321,0
OR 305,1
CS 325,0
OR 306,1
OR 307,1
CS 331,0
CS 340,0
CS 344,0
OR 308,1
OR 309,1
CS 352,0
CS 361,0
CS 362,0
CS 370,0
CS 372,0
OR 310,1
CS 373,0
CS 381,0
OR 311,1
CS 395,0
OR 312,3
OR 314,1
CS 420,0
OR 315,1
CS 427,0
OR 316,1
CS 434,0
CS 440,0
OR 317,1
OR 318,1
CS 444,0
OR 319,1
CS 446,0
CS 447,0
CS 450,0
OR 320,1
CS 458,0
CS 463,0
OR 321,1
CS 464,0
CS 467,0
CS 468,0
CS 472,0
CS 475,0
OR 322,1
CS 476,0
OR 323,1
CS 477,0
OR 324,1
CS 478,0
OR 325,1
CS 480,0
CS 491,0
OR 326,1
CS 492,0
CS 493,0
OR 327,1
CS 496,0
OR 328,1
CS 535,0
CS 560,0
CS 563,0
CS 582,0
CS 583,0
CS 585,0
OR 329,1
CS 637,0
OR 330,1
CEM 263,0
OR 331,1
CEM 311,0
OR 332,1
CEM 326,0
CEM 341,0
CEM 342,0
CEM 343,0
OR 333,1
CEM 381,0
CEM 383,0
CEM 431,0
CEM 432,0
OR 334,1
CEM 441,0
OR 335,1
CEM 442,0
OR 336,1
CEM 471,0
OR 337,1
CEM 472,0
COUN 579,0
COUN 582,0
OR 338,1
CROP 433,0
CROP 470,0
CROP 570,0
DSGN 253,0
OR 339,1
OR 340,1
DSGN 282,0
OR 341,1
DSGN 283,0
OR 342,1
DSGN 284,0
DSGN 327,0
DSGN 328,0
DSGN 329,0
DSGN 342,0
DSGN 343,0
OR 343,1
DSGN 352,0
DSGN 355,0
DSGN 356,0
DSGN 357,0
DSGN 372,0
OR 344,1
DSGN 377,0
DSGN 387,0
DSGN 388,0
OR 345,1
DSGN 394,0
DSGN 427,0
DSGN 428,0
DSGN 429,0
DSGN 440,0
DSGN 441,0
OR 346,1
DSGN 442,0
OR 347,1
DSGN 464,0
DSGN 471,0
OR 348,1
DSGN 473,0
OR 349,1
DSGN 488,0
DSGN 495,0
DHE 161,0
DHE 187,0
DHE 233,0
DHE 262,0
DHE 276,0
DHE 281,0
DHE 287,0
DHE 288,0
DHE 289,0
DHE 310,0
DHE 321,0
DHE 326,0
DHE 327,0
DHE 334,0
DHE 355,0
DHE 360,0
DHE 376,0
DHE 387,0
DHE 389,0
DHE 427,0
DHE 428,0
DHE 429,0
DHE 437,0
DHE 443,0
DHE 445,0
DHE 453,0
OR 350,1
DHE 464,0
DHE 470,0
DHE 472,0
OR 351,1
DHE 476,0
DHE 488,0
DHE 572,0
OR 352,1
ECON 311,0
OR 353,1
ECON 315,0
OR 354,1
OR 355,1
ECON 329,0
OR 356,1
OR 357,1
ECON 350,0
OR 358,1
ECON 411,0
OR 359,1
OR 360,1
ECON 414,0
OR 361,1
ECON 415,0
OR 362,1
OR 363,1
OR 364,1
ECON 423,0
OR 365,1
ECON 424,0
OR 366,1
OR 367,1
ECON 427,0
OR 368,1
ECON 435,0
ECON 440,0
ECON 441,0
OR 369,1
ECON 460,0
OR 370,1
ECON 461,0
OR 371,1
ECON 462,0
OR 372,1
ECON 463,0
OR 373,1
ECON 480,0
OR 374,1
ECON 491,0
ECON 525,0
ED 414,0
ED 424,0
ED 452,0
ED 468,0
ED 470,0
ED 471,0
ED 473,0
ED 476,0
ED 479,0
ED 514,0
ED 515,0
ED 532,0
ED 533,0
ED 538,0
ED 539,0
ED 551,0
ED 570,0
ED 571,0
ED 573,0
ED 576,0
ED 579,0
ED 586,0
ED 589,0
ED 652,0
OR 375,1
ECE 112,0
ECE 271,0
ECE 322,0
ECE 323,0
OR 376,1
ECE 331,0
OR 377,1
ECE 332,0
ECE 341,0
ECE 342,0
ECE 351,0
OR 378,1
ECE 352,0
OR 379,1
ECE 353,0
OR 380,1
ECE 372,0
OR 381,1
ECE 375,0
OR 382,1
ECE 390,0
ECE 391,0
OR 383,1
OR 384,1
ECE 411,0
ECE 413,0
OR 385,1
OR 386,1
OR 387,1
OR 388,1
ECE 415,0
ECE 416,0
OR 389,1
OR 390,1
OR 391,1
ECE 417,0
ECE 418,0
ECE 422,0
ECE 423,0
ECE 431,0
ECE 432,0
ECE 433,0
OR 392,1
ECE 437,0
ECE 438,0
OR 393,6
ECE 451,0
ECE 461,0
ECE 462,0
ECE 463,0
ECE 464,0
ECE 468,0
ECE 471,0
ECE 472,0
ECE 473,0
ECE 474,0
OR 396,1
ECE 476,0
OR 397,1
OR 398,1
ECE 478,0
ECE 483,0
OR 399,1
ECE 484,0
ECE 485,0
ESE 330,0
ESE 355,0
OR 400,3
ESE 360,0
ESE 430,0
ESE 450,0
ESE 470,0
ESE 471,0
OR 401,1
ENGR 201,0
OR 402,1
OR 403,1
ENGR 202,0
OR 404,1
ENGR 203,0
OR 405,1
OR 406,1
OR 407,1
ENGR 211,0
OR 408,1
ENGR 212,0
OR 409,1
OR 410,1
ENGR 213,0
OR 411,1
ENVE 321,0
ENVE 415,0
ENVE 421,0
ENVE 422,0
OR 412,1
ENVE 425,0
OR 413,7
OR 414,1
OR 415,1
ENVE 431,0
ENVE 457,0
ENVE 490,0
ENVE 535,0
ENVE 542,0
ENVE 545,0
OR 417,1
ES 485,0
OR 418,1
OR 419,1
FIN 341,0
OR 420,1
FIN 342,0
OR 421,1
FIN 438,0
OR 422,1
FIN 439,0
FIN 440,0
OR 423,1
FIN 441,0
FIN 442,0
OR 424,1
FIN 443,0
FIN 444,0
FIN 445,0
OR 425,1
FIN 543,0
FIN 545,0
FIN 546,0
FIN 549,0
FIN 551,0
FIN 552,0
FIN 553,0
FW 209,0
FW 301,0
OR 426,1
FW 316,0
OR 427,1
OR 428,1
FW 320,0
FW 321,0
OR 429,1
FW 366,0
OR 430,1
OR 431,1
FW 370,0
OR 432,1
OR 433,1
OR 434,1
FW 456,0
OR 435,1
FW 464,0
OR 436,1
FW 473,0
FW 476,0
FW 477,0
OR 437,1
FW 481,0
FW 488,0
FW 538,0
FCSJ 422,0
OR 438,1
FCSJ 444,0
FCSJ 522,0
OR 439,1
FST 360,0
OR 440,1
OR 441,1
FST 420,0
OR 442,3
OR 443,1
FST 422,0
OR 444,1
OR 445,4
FST 425,0
FST 430,0
FST 437,0
FST 438,0
OR 446,1
FST 460,0
FST 461,0
OR 447,1
OR 448,1
FST 466,0
FST 467,0
OR 449,1
FST 479,0
OR 450,1
FST 490,0
FST 525,0
FST 538,0
FST 567,0
FST 620,0
FST 666,0
FES 202,0
OR 451,1
FES 343,0
OR 452,1
FES 412,0
OR 453,1
FES 422,0
FES 433,0
FES 524,0
FES 527,0
OR 454,1
FE 208,0
OR 455,1
FE 209,0
OR 456,1
FE 310,0
OR 457,1
FE 315,0
FE 316,0
FE 330,0
OR 458,1
FE 370,0
FE 371,0
FE 415,0
OR 459,1
FE 416,0
OR 460,1
OR 461,1
FE 423,0
OR 462,1
FE 434,0
OR 463,1
OR 464,1
FE 436,0
FE 440,0
OR 465,1
FE 444,0
OR 466,1
OR 467,1
OR 468,1
FE 457,0
OR 469,1
FE 459,0
OR 470,1
FE 469,0
OR 471,1
FE 470,0
OR 472,1
FE 479,0
OR 473,1
FE 523,0
OR 474,1
FOR 321,0
OR 475,1
OR 476,1
FOR 322,0
OR 477,1
OR 478,1
FOR 330,0
OR 479,1
OR 480,1
FOR 331,0
OR 481,1
FOR 413,0
FOR 417,0
OR 482,5
OR 483,1
OR 485,1
OR 486,1
FOR 429,0
OR 487,1
FOR 431,0
OR 488,1
FOR 441,0
OR 489,1
FOR 442,0
OR 490,1
OR 491,1
FOR 443,0
OR 492,1
FOR 457,0
OR 493,1
FOR 459,0
OR 494,1
FOR 469,0
FOR 525,0
FR 112,0
FR 113,0
FR 211,0
FR 212,0
FR 213,0
FR 300,0
FR 311,0
FR 312,0
FR 313,0
FR 321,0
FR 322,0
FR 323,0
FR 336,0
FR 343,0
FR 411,0
FR 421,0
FR 422,0
FR 423,0
GEOG 361,0
OR 495,1
OR 496,1
GEOG 370,0
OR 497,1
GEOG 371,0
GEOG 424,0
OR 498,1
GEOG 451,0
OR 499,1
GEOG 462,0
OR 500,1
GEOG 463,0
OR 501,1
GEOG 464,0
OR 502,1
GEOG 472,0
OR 503,1
GEOG 480,0
OR 504,1
GEOG 481,0
OR 505,1
OR 506,1
GEOG 495,0
OR 507,1
GEOG 551,0
GEOG 561,0
OR 508,1
GEOG 562,0
OR 509,1
GEOG 563,0
OR 510,1
GEOG 564,0
GEOG 581,0
GPH 632,0
GEO 295,0
OR 511,1
GEO 310,0
GEO 315,0
OR 512,1
GEO 322,0
OR 513,1
OR 514,1
GEO 340,0
GEO 370,0
GEO 412,0
GEO 415,0
GEO 430,0
OR 515,1
GEO 431,0
OR 516,1
GEO 433,0
OR 517,1
GEO 440,0
GEO 461,0
GEO 484,0
OR 518,1
GEO 486,0
OR 519,2
OR 520,1
GEO 487,0
GEO 495,0
GEO 535,0
GER 112,0
GER 113,0
GER 211,0
GER 212,0
GER 213,0
GER 311,0
GER 312,0
GER 313,0
GER 355,0
GER 412,0
GER 413,0
GRAD 571,0
GRAD 607,0
GRAD 610,0
GD 126,0
GD 220,0
GD 224,0
GD 226,0
GD 228,0
GD 269,0
GD 326,0
GD 327,0
GD 328,0
GD 419,0
GD 420,0
GD 424,0
GD 427,0
GD 430,0
HHS 514,0
OR 521,1
HHS 517,0
HHS 526,0
HHS 527,0
HHS 537,0
OR 522,1
HHS 578,0
HHS 579,0
HHS 580,0
OR 523,1
HHS 584,0
OR 524,1
HHS 590,0
HEBR 112,0
HEBR 113,0
HEBR 211,0
HEBR 212,0
HEBR 213,0
HST 426,0
HORT 271,0
HORT 272,0
HORT 273,0
HORT 274,0
HORT 275,0
HORT 306,0
HORT 310,0
OR 525,1
HORT 316,0
HORT 344,0
OR 526,1
HORT 360,0
OR 527,1
OR 528,1
HORT 433,0
HORT 453,0
HORT 454,0
HORT 456,0
HORT 481,0
HORT 482,0
HORT 485,0
HM 210,0
HM 230,0
HM 410,0
HDFS 209,0
HDFS 310,0
HDFS 330,0
OR 529,1
HDFS 331,0
HDFS 410,0
OR 530,1
HDFS 431,0
HDFS 433,0
HDFS 462,0
HDFS 531,0
HDFS 532,0
HDFS 534,0
HDFS 539,0
HDFS 630,0
IE 212,0
IE 255,0
IE 285,0
OR 531,1
IE 355,0
OR 532,1
IE 356,0
OR 533,1
IE 366,0
OR 534,1
IE 367,0
IE 368,0
OR 535,1
IE 411,0
IE 412,0
IE 415,0
OR 536,1
IE 418,0
IE 419,0
OR 537,1
IE 425,0
OR 538,1
OR 539,1
IE 426,0
IE 470,0
IE 471,0
IE 475,0
IE 519,0
IE 523,0
IE 553,0
IE 581,0
IE 583,0
IE 584,0
IE 585,0
IE 587,0
IE 588,0
IE 590,0
IE 591,0
IEPA 011NC,0
IEPA 013NC,0
IEPA 014NC,0
IEPA 018NC,0
IEPA 021NC,0
IEPA 024NC,0
IEPA 028NC,0
IEPA 031NC,0
IEPA 034NC,0
IEPA 038NC,0
IEPA 041NC,0
IEPA 044NC,0
IEPA 048NC,0
OR 540,1
IEPA 050NC,0
IEPA 051NC,0
IEPA 060NC,0
IEPA 061NC,0
OR 541,3
IEPG 010NC,0
OR 543,6
OR 545,3
IEPG 011NC,0
OR 547,3
OR 548,3
OR 549,3
IEPG 017NC,0
OR 550,3
OR 551,1
IEPG 020NC,0
OR 552,1
IEPG 021NC,0
OR 553,1
IEPG 027NC,0
OR 554,1
IEPG 030NC,0
OR 555,1
IEPG 031NC,0
OR 556,1
IEPG 037NC,0
OR 557,1
IEPG 040NC,0
OR 558,1
IEPG 041NC,0
OR 559,1
IEPG 051NC,0
OR 560,5
IEPH 010NC,0
OR 562,6
OR 564,5
IEPH 011NC,0
OR 566,3
OR 567,3
OR 568,3
IEPH 017NC,0
OR 569,3
OR 570,2
IEPH 020NC,0
OR 571,2
IEPH 021NC,0
OR 572,2
IEPH 027NC,0
OR 573,2
IEPH 030NC,0
OR 574,2
IEPH 031NC,0
OR 575,2
IEPH 037NC,0
OR 576,2
IEPH 040NC,0
OR 577,2
IEPH 041NC,0
OR 578,2
IEPH 050NC,0
OR 579,2
IEPH 051NC,0
IT 112,0
IT 113,0
IT 211,0
IT 212,0
IT 213,0
JPN 112,0
JPN 113,0
JPN 211,0
JPN 212,0
JPN 213,0
JPN 311,0
JPN 312,0
JPN 412,0
JPN 413,0
OR 580,1
KIN 232,0
OR 581,1
KIN 233,0
OR 582,1
KIN 311,0
KIN 321,0
OR 583,1
OR 584,1
KIN 324,0
OR 585,1
OR 586,1
OR 587,1
OR 588,1
OR 589,1
KIN 325,0
KIN 334,0
KIN 341,0
OR 590,1
KIN 343,0
KIN 344,0
OR 591,1
KIN 385,0
KIN 394,0
OR 592,1
KIN 395,0
OR 593,1
KIN 411,0
OR 594,1
KIN 422,0
OR 595,1
KIN 423,0
OR 596,1
OR 597,1
KIN 425,0
OR 598,1
KIN 434,0
KIN 435,0
OR 599,1
KIN 437,0
OR 600,1
OR 601,1
KIN 444,0
OR 602,1
KIN 474,0
OR 603,1
OR 604,1
KIN 483,0
OR 605,1
OR 606,1
OR 607,1
OR 608,1
OR 609,1
KIN 490,0
KIN 520,0
KIN 521,0
KIN 522,0
KIN 564,0
KIN 565,0
KIN 566,0
KIN 567,0
KIN 568,0
KIN 569,0
KIN 584,0
KIN 585,0
KIN 586,0
KOR 112,0
KOR 113,0
KOR 211,0
KOR 212,0
KOR 213,0
OR 610,1
MGMT 364,0
OR 611,1
MGMT 446,0
OR 612,1
MGMT 448,0
MGMT 449,0
OR 613,1
MGMT 452,0
OR 614,1
MGMT 453,0
OR 615,1
MGMT 455,0
OR 616,1
MGMT 456,0
OR 617,1
MGMT 457,0
OR 618,1
MGMT 459,0
MGMT 477,0
MGMT 555,0
MGMT 571,0
MGMT 572,0
MGMT 575,0
MGMT 576,0
MFGE 285,0
OR 619,1
MFGE 336,0
OR 620,1
OR 621,3
MFGE 337,0
OR 623,1
MFGE 436,0
OR 624,1
MFGE 437,0
OR 625,1
OR 626,1
MFGE 438,0
OR 627,1
MRKT 390,0
OR 628,1
MRKT 396,0
OR 629,1
MRKT 477,0
OR 630,1
MRKT 484,0
OR 631,1
MRKT 485,0
OR 632,1
MRKT 486,0
OR 633,1
MRKT 488,0
OR 634,1
MRKT 489,0
OR 635,1
MRKT 491,0
OR 636,1
MRKT 492,0
OR 637,1
MRKT 493,0
OR 638,1
MRKT 495,0
OR 639,1
MRKT 496,0
OR 640,1
MRKT 497,0
OR 641,1
OR 642,1
MRKT 498,0
OR 643,1
MRKT 499,0
OR 644,1
MRKT 581,0
OR 645,1
MRKT 582,0
MRKT 584,0
MRKT 585,0
MRKT 586,0
MRKT 587,0
MRKT 592,0
MRKT 593,0
MNR 560,0
OR 646,1
MATS 321,0
OR 647,1
MATS 322,0
OR 648,1
OR 649,1
MATS 445,0
OR 650,1
MATS 455,0
OR 651,1
MATS 478,0
OR 652,1
OR 653,1
MATS 555,0
MTH 065,0
MTH 095,0
MTH 103,0
MTH 150X,0
MTH 212,0
OR 654,1
MTH 228,0
MTH 231,0
OR 655,1
MTH 252,0
OR 656,1
MTH 253,0
OR 657,1
MTH 254,0
OR 658,1
MTH 255,0
OR 659,1
MTH 256,0
OR 660,1
MTH 264,0
OR 661,1
MTH 265,0
OR 662,1
MTH 306,0
OR 663,1
MTH 311,0
MTH 312,0
MTH 321,0
OR 664,1
OR 665,1
OR 666,1
MTH 341,0
MTH 342,0
MTH 343,0
OR 667,1
MTH 351,0
MTH 355,0
MTH 361,0
OR 668,1
OR 669,1
MTH 390,0
MTH 411,0
OR 670,1
MTH 412,0
OR 671,1
MTH 413,0
MTH 419,0
OR 672,1
MTH 420,0
OR 673,1
MTH 427,0
MTH 428,0
OR 674,1
MTH 430,0
OR 675,1
MTH 434,0
OR 676,1
MTH 435,0
OR 677,1
MTH 437,0
OR 678,1
MTH 440,0
MTH 441,0
OR 679,1
OR 680,1
MTH 442,0
OR 681,1
MTH 443,0
MTH 451,0
OR 682,1
MTH 452,0
OR 683,1
OR 684,1
MTH 453,0
MTH 463,0
OR 685,1
MTH 464,0
OR 686,1
MTH 465,0
OR 687,1
MTH 467,0
OR 688,1
MTH 480,0
OR 689,1
MTH 481,0
OR 690,1
MTH 482,0
OR 691,1
MTH 483,0
OR 692,1
MTH 491,0
OR 693,1
MTH 492,0
OR 694,1
MTH 493,0
MTH 512,0
MTH 513,0
OR 695,1
MTH 537,0
MTH 622,0
MTH 623,0
ME 250,0
OR 696,1
OR 697,1
ME 311,0
OR 698,1
OR 699,1
ME 312,0
OR 700,1
OR 701,1
ME 316,0
OR 702,1
OR 703,1
ME 317,0
OR 704,1
ME 348,0
OR 705,1
ME 373,0
OR 706,1
ME 382,0
OR 707,1
ME 383,0
OR 708,1
OR 709,7
OR 710,1
OR 711,1
ME 411,0
OR 713,1
ME 412,0
OR 714,1
ME 413,0
ME 420,0
OR 715,1
ME 422,0
OR 716,1
ME 424,0
OR 717,6
ME 430,0
OR 720,1
ME 443,0
OR 721,1
OR 722,1
OR 723,1
ME 444,0
OR 724,5
OR 725,1
ME 445,0
OR 726,1
OR 727,1
ME 450,0
OR 728,1
ME 451,0
OR 729,1
OR 730,1
OR 731,1
OR 732,1
OR 733,1
ME 452,0
OR 734,1
OR 735,1
ME 453,0
OR 736,1
ME 460,0
OR 737,1
ME 461,0
OR 738,1
OR 739,1
ME 480,0
OR 740,1
ME 484,0
ME 524,0
ME 532,0
ME 534,0
ME 564,0
OR 741,1
ME 568,0
OR 742,1
ME 585,0
ME 615,0
ME 617,0
OR 743,1
ME 667,0
OR 744,1
OR 745,1
MB 302,0
MB 303,0
MB 310,0
OR 746,1
OR 747,1
OR 748,3
MB 312,0
OR 749,1
MB 314,0
OR 750,1
OR 751,1
OR 752,1
MB 320,0
OR 753,1
MB 340,0
OR 754,1
OR 755,1
MB 416,0
OR 756,1
MB 417,0
MB 420,0
MB 422,0
MB 430,0
OR 757,1
MB 434,0
OR 758,1
OR 759,1
MB 435,0
OR 760,3
OR 761,1
MB 436,0
MB 440,0
OR 762,1
MB 441,0
MB 448,0
MB 456,0
OR 763,1
OR 764,1
OR 765,1
OR 766,1
MB 479,0
OR 767,1
MB 490,0
MB 541,0
MS 314,0
OR 768,1
MCB 662,0
MUS 112,0
MUS 113,0
MUS 172,0
MUS 173,0
MUS 187,0
MUS 190,0
MUS 202,0
MUS 203,0
MUS 204,0
MUS 272,0
MUS 273,0
MUS 301,0
MUS 302,0
MUS 303,0
MUS 304,0
MUS 311,0
MUS 313,0
MUS 324,0
MUS 326,0
MUS 330,0
MUS 341,0
MUS 372,0
MUS 373,0
MUS 446,0
MUS 447,0
MUS 496,0
MUED 100,0
MUED 201,0
MUED 202,0
MUED 275,0
MUED 276,0
MUED 350,0
MUED 353,0
MUED 375,0
MUED 376,0
MUED 391,0
MUED 392,0
MUED 450,0
MUED 469,0
MUED 473,0
MUED 474,0
MUED 475,0
MUED 480,0
NR 325,0
NR 455,0
OR 769,1
NS 113,0
NS 212,0
NS 313,0
NS 323,0
NS 411,0
NS 413,0
NS 421,0
NMC 240,0
NMC 241,0
NMC 255,0
NMC 260,0
NMC 320,0
NMC 321,0
NMC 322,0
NMC 330,0
NMC 340,0
NMC 341,0
NMC 349,0
NMC 351,0
NMC 355,0
NMC 356,0
NMC 380,0
NMC 383,0
NMC 385,0
NMC 392,0
NMC 393,0
NMC 421,0
NMC 425,0
NMC 430,0
NMC 435,0
NMC 437,0
NMC 440,0
NMC 441,0
NMC 461,0
NMC 462,0
NMC 470,0
NMC 471,0
NMC 481,0
NMC 482,0
NMC 487,0
NMC 490,0
NMC 493,0
NMC 498,0
OR 770,1
NSE 233,0
OR 771,1
NSE 234,0
OR 772,1
NSE 235,0
OR 773,1
OR 774,1
NSE 236,0
OR 775,1
NSE 311,0
OR 776,1
OR 777,1
NSE 312,0
OR 778,1
OR 779,1
NSE 331,0
OR 780,1
OR 781,1
OR 782,1
OR 783,1
NSE 332,0
OR 784,1
OR 785,1
OR 786,1
NSE 415,0
OR 787,1
NSE 435,0
OR 788,1
OR 789,1
OR 790,1
NSE 440,0
OR 791,1
NSE 451,0
OR 792,1
OR 793,1
OR 794,1
NSE 452,0
OR 795,1
NSE 455,0
OR 796,1
OR 797,1
NSE 456,0
OR 798,1
NSE 457,0
OR 799,1
OR 800,1
NSE 467,0
OR 801,1
NSE 473,0
OR 802,1
NSE 481,0
OR 803,1
NSE 483,0
OR 804,1
NSE 488,0
OR 805,1
NSE 516,0
OR 806,1
OR 807,1
NSE 517,0
OR 808,1
OR 809,1
NSE 519,0
NSE 533,0
OR 810,1
NSE 536,0
OR 811,1
NSE 537,0
OR 812,1
NSE 541,0
OR 813,1
NSE 542,0
OR 814,1
NSE 543,0
OR 815,1
NSE 544,0
OR 816,1
OR 817,1
NSE 545,0
OR 818,1
OR 819,1
NSE 552,0
OR 820,1
NSE 553,0
OR 821,1
OR 822,1
NSE 556,0
OR 823,1
NSE 557,0
OR 824,1
OR 825,1
NSE 561,0
OR 826,1
OR 827,1
NSE 562,0
OR 828,1
NSE 563,0
OR 829,1
NSE 568,0
OR 830,1
OR 831,1
NSE 573,0
OR 832,1
NSE 575,0
OR 833,1
OR 834,1
OR 835,1
NSE 590,0
OR 836,1
OR 837,1
NSE 654,0
OR 838,1
OR 839,1
NSE 667,0
NUR 414,0
NUR 416,0
NUR 417,0
NUR 422,0
OR 840,1
NUTR 235,0
OR 841,3
NUTR 240,0
NUTR 241,0
NUTR 311,0
NUTR 319,0
OR 843,1
NUTR 325,0
NUTR 341,0
NUTR 417,0
NUTR 418,0
NUTR 423,0
OR 844,3
NUTR 430,0
OR 846,1
OR 847,1
OR 848,1
OR 849,1
NUTR 431,0
NUTR 432,0
NUTR 446,0
NUTR 518,0
OC 295,0
OC 296,0
OC 440,0
OR 850,1
OC 449,0
OR 851,1
OR 852,2
OR 853,1
OC 450,0
OC 521,0
OR 854,1
OC 631,0
OC 634,0
OC 646,0
OC 671,0
OC 672,0
OR 855,1
OC 673,0
OC 674,0
OC 675,0
OC 680,0
OC 681,0
PHL 390,0
PAC 153,0
PAC 156,0
PAC 160,0
PAC 161,0
PAC 163,0
OR 856,1
PAC 165,0
PAC 166,0
OR 857,1
PAC 167,0
PAC 168,0
PAC 170,0
PAC 171,0
PAC 288,0
PAC 302,0
PAC 316,0
PAC 317,0
PAC 321,0
PAC 323,0
PAC 326,0
PH 365,0
PH 366,0
PH 367,0
PBG 450,0
OR 858,1
PBG 551,0
PBG 552,0
OR 859,3
PSY 298,0
OR 861,1
PSY 301,0
OR 862,1
PSY 381,0
PSY 432,0
OR 863,1
PSY 437,0
PSY 442,0
OR 864,1
PSY 444,0
PSY 448,0
PSY 454,0
PSY 456,0
PSY 458,0
PSY 463,0
PSY 464,0
PSY 467,0
PSY 468,0
OR 865,1
PSY 482,0
OR 866,1
PSY 483,0
OR 867,1
PSY 485,0
PSY 486,0
PSY 492,0
OR 868,1
PSY 493,0
PSY 494,0
OR 869,1
PSY 495,0
OR 870,1
PSY 496,0
PSY 497,0
OR 871,1
PSY 498,0
PSY 514,0
PSY 571,0
H 250,0
H 310,0
H 319,0
OR 872,1
H 364,0
H 376,0
H 410,0
H 421,0
OR 873,1
H 425,0
OR 874,1
H 432,0
H 436,0
H 448,0
H 449,0
H 457,0
H 458,0
H 477,0
OR 875,1
H 525,0
H 526,0
OR 876,1
H 530,0
OR 877,1
H 536,0
OR 878,1
H 537,0
H 544,0
H 549,0
H 550,0
H 551,0
OR 879,1
H 552,0
OR 880,1
H 554,0
OR 881,1
H 555,0
H 560,0
OR 882,1
H 562,0
OR 883,1
H 563,0
OR 884,1
H 575,0
OR 885,1
H 576,0
OR 886,1
H 578,0
OR 887,1
H 580,0
H 582,0
OR 888,1
H 584,0
H 586,0
OR 889,1
H 587,0
H 592,0
OR 890,1
H 593,0
OR 891,1
H 596,0
OR 892,1
H 597,0
H 598,0
H 630,0
H 632,0
H 638,0
H 650,0
H 651,0
H 652,0
H 659,0
H 662,0
PPOL 421,0
PPOL 522,0
OR 893,1
PPOL 622,0
OR 894,1
OR 895,1
PPOL 628,0
RNG 457,0
OR 896,1
RNG 458,0
OR 897,1
ROB 421,0
ROB 456,0
RUS 112,0
RUS 113,0
SED 476,0
SED 477,0
SED 576,0
SED 577,0
SED 611,0
SED 612,0
SED 613,0
SED 621,0
SED 622,0
SED 623,0
OR 898,1
SOC 313,0
OR 899,1
SOC 316,0
OR 900,1
SOC 340,0
OR 901,1
SOC 350,0
OR 902,1
SOC 355,0
OR 903,1
SOC 381,0
OR 904,1
SOC 399,0
OR 905,1
SOC 407,0
OR 906,1
SOC 413,0
OR 907,1
SOC 418,0
OR 908,1
SOC 422,0
OR 909,1
SOC 424,0
OR 910,1
SOC 430,0
OR 911,1
SOC 432,0
OR 912,1
SOC 437,0
OR 913,1
SOC 438,0
OR 914,1
SOC 439,0
OR 915,1
SOC 440,0
OR 916,1
SOC 441,0
OR 917,1
SOC 442,0
SOC 444,0
OR 918,1
SOC 449,0
OR 919,1
SOC 450,0
OR 920,1
SOC 452,0
OR 921,1
SOC 453,0
OR 922,1
SOC 470,0
OR 923,1
SOC 472,0
OR 924,1
SOC 475,0
SE 201,0
SE 303,0
SE 467,0
SE 468,0
OR 925,1
SOIL 316,0
OR 926,1
OR 927,3
SOIL 360,0
OR 929,1
SOIL 366,0
OR 930,5
SOIL 388,0
OR 933,1
OR 934,5
OR 935,1
OR 937,1
SOIL 435,0
OR 938,1
SOIL 466,0
SOIL 468,0
SOIL 514,0
SOIL 568,0
OR 939,1
SOIL 635,0
SPAN 112,0
SPAN 113,0
SPAN 211,0
SPAN 212,0
SPAN 213,0
SPAN 221,0
SPAN 222,0
SPAN 311,0
SPAN 312,0
SPAN 453,0
SPAN 456,0
ST 202,0
OR 940,1
ST 314,0
OR 941,1
ST 352,0
ST 412,0
ST 413,0
OR 942,1
ST 415,0
ST 422,0
OR 943,1
ST 435,0
OR 944,1
ST 439,0
OR 945,1
ST 441,0
OR 946,1
ST 443,0
ST 512,0
ST 513,0
ST 517,0
ST 518,0
ST 522,0
ST 525,0
OR 947,1
ST 537,0
OR 948,1
ST 538,0
ST 552,0
ST 553,0
ST 555,0
ST 558,0
ST 562,0
ST 563,0
ST 566,0
ST 595,0
ST 623,0
OR 949,1
ST 625,0
ST 652,0
ST 662,0
ST 663,0
SNR 506,0
TA 249,0
TA 348,0
TA 349,0
TA 454,0
OR 950,1
TRAL 218,0
OR 951,1
TRAL 260,0
OR 952,1
OR 953,1
TRAL 280,0
OR 954,1
OR 955,1
TRAL 351,0
OR 956,1
TRAL 370,0
TRAL 374,0
TRAL 377,0
TRAL 379,0
OR 957,1
TRAL 456,0
OR 958,1
TRAL 457,0
OR 959,1
TRAL 478,0
TOX 411,0
TOX 413,0
TOX 429,0
OR 960,1
TOX 430,0
TOX 455,0
TOX 511,0
TOX 512,0
TOX 513,0
TOX 611,0
VMB 518,0
VMB 519,0
VMB 622,0
VMB 756,0
VMB 768,0
VMC 712,0
VMC 726,0
VMC 749,0
VMC 752,0
VMC 754,0
VMC 755,0
VMC 758,0
VMC 793,0
OR 961,1
WGSS 416,0
WGSS 418,0
OR 962,1
WGSS 430,0
OR 963,1
WGSS 485,0
OR 964,1
OR 965,1
WGSS 487,0
OR 966,1
WGSS 488,0
WGSS 498,0
WGSS 617,0
OR 967,1
WSE 321,0
WSE 322,0
WSE 324,0
WSE 350,0
WSE 351,0
WSE 352,0
WSE 413,0
WSE 430,0
WSE 450,0
WSE 451,0
WSE 458,0
WSE 461,0
WSE 462,0
WSE 463,0
WSE 516,0
OR 968,1
WLC 485,0
OR 969,1
OR 970,1
WR 329,0
WR 353,0
OR 971,1
WR 383,0
OR 972,1
OR 973,1
WR 414,0
WR 440,0
OR 974,1
WR 466,0
OR 975,1
WR 485,0
OR 976,1
WR 497,0
Z 350,0
OR 977,1
Z 361,0
OR 978,1
OR 979,8
OR 980,1
OR 981,1
Z 362,0
Z 364,0
OR 983,1
Z 365,0
OR 984,1
Z 371,0
OR 985,1
Z 372,0
OR 986,1
Z 374,0
OR 987,1
OR 988,1
Z 422,0
OR 989,1
OR 990,1
OR 991,3
Z 423,0
OR 992,5
OR 993,1
OR 995,1
Z 425,0
OR 996,1
OR 997,1
Z 431,0
OR 998,1
OR 999,1
OR 1000,3
Z 432,0
OR 1001,1
Z 437,0
Z 438,0
OR 1002,5
OR 1003,1
Z 440,0
Z 442,0
Z 461,0
OR 1005,1
Z 473,0
OR 1006,1
Z 477,0
OR 1007,1
