ALS 150,ALS 161
ALS 151,ALS 161
OR 2,ALS 161
ALS 150,ALS 162
ALS 151,ALS 162
OR 2,ALS 162
OR 10,ACTG 317
OR 3,ACTG 317
ACTG 317,ACTG 318
ACTG 318,ACTG 319
ACTG 317,ACTG 321
OR 10,ACTG 326
OR 3,ACTG 326
OR 7,ACTG 378
OR 11,ACTG 378
OR 12,ACTG 378
BA 213,OR 7
BI 213H,OR 7
OR 11,ACTG 378H
OR 10,ACTG 378H
OR 12,ACTG 378H
ACTG 318,ACTG 379
OR 13,ACTG 379
ACTG 319,ACTG 414
ACTG 319,ACTG 415
ACTG 319,ACTG 416
ACTG 319,ACTG 417
ACTG 319,ACTG 418
ACTG 319,ACTG 419
OR 14,ACTG 420
ACTG 378,ACTG 420
ACTG 319,OR 14
BA 372,OR 14
ACTG 319,ACTG 422
ACTG 321,ACTG 422
BA 357,ACTG 422
ACTG 319,ACTG 424
ACTG 325,ACTG 425
ACTG 424,ACTG 425
ACTG 319,ACTG 427
ACTG 427,ACTG 428
OR 15,ACTG 518
ACTG 516,OR 15
ACTG 517,OR 15
ACTG 518,ACTG 519
BA 528,ACTG 524
AHE 522,AHE 523
OR 16,AHE 524
AHE 522,OR 16
AHE 523,OR 16
OR 17,AHE 525
AHE 522,OR 17
AHE 523,OR 17
AHE 524,OR 17
AHE 553,AHE 533
OR 18,AHE 615
AHE 612,OR 18
AHE 613,OR 18
AHE 614,OR 18
AHE 611,AHE 616
AHE 672,AHE 673
AHE 673,AHE 674
AHE 674,AHE 675
ENGR 211,AAE 210
OR 790,AAE 412
OR 789,AAE 412
ASL 111,ASL 112
ASL 112,ASL 113
ASL 113,ASL 211
ASL 211,ASL 212
ASL 212,ASL 213
CH 121,ANS 302
CH 122,ANS 302
CH 123,ANS 302
OR 1029,ANS 302
OR 995,ANS 302
OR 252,ANS 302
OR 1029,ANS 311
OR 995,ANS 311
OR 27,ANS 316
OR 995,ANS 316
CH 121,OR 27
CH 221,OR 27
CH 231,OR 27
CH 231H,OR 27
ANS 316,ANS 317
OR 1029,ANS 320
OR 995,ANS 320
ANS 220,ANS 333
BI 102,ANS 341
BI 213,ANS 341
BI 211,ANS 378
BI 212,ANS 378
BI 213,ANS 378
OR 1029,ANS 380
OR 995,ANS 380
OR 252,ANS 380
OR 262,ANS 385
OR 1029,ANS 385
OR 995,ANS 385
OR 252,ANS 385
OR 1029,ANS 390
OR 995,ANS 390
OR 252,ANS 390
ANS 316,ANS 427
ANS 317,ANS 427
ANS 220,ANS 432
ANS 316,ANS 432
ANS 439,ANS 440
BI 211,ANS 441
BI 212,ANS 441
ANS 121,ANS 446
OR 40,ANS 456
ANS 313,OR 40
ANS 316,OR 40
ANS 317,OR 40
ANS 378,OR 40
BB 551,ANS 662
BB 592,ANS 662
ANTH 110,ANTH 318H
ANTH 210,ANTH 318H
ANTH 230,ANTH 332
ANTH 110,ANTH 370
ANTH 110,ANTH 371
ANTH 110,ANTH 380H
ANTH 230,ANTH 421
ANTH 230,ANTH 422
ANTH 230,ANTH 425
ANTH 230,ANTH 430
ANTH 330,ANTH 430
ANTH 230,ANTH 435
ANTH 230,ANTH 437
ANTH 240,ANTH 440
ANTH 330,ANTH 440
ANTH 240,ANTH 441
OR 44,ANTH 441
ANTH 240,ANTH 442
ANTH 240,ANTH 443
ANTH 240,ANTH 444
ANTH 330,ANTH 444
ANTH 443,ANTH 446
OR 44,ANTH 448
OR 43,ANTH 448
ANTH 240,ANTH 461
ANTH 345,ANTH 461
ANTH 383,ANTH 461
ANTH 110,ANTH 469
ANTH 210,ANTH 469
OR 44,ANTH 483
OR 43,ANTH 483
OR 513,ANTH 485
OR 46,ANTH 485
ANTH 251,ANTH 487
ANTH 350,ANTH 487
ANTH 350,ANTH 498
AEC 250,AEC 211
AEC 251,AEC 211
AREC 250,AEC 211
ECON 201,AEC 211
ECON 201H,AEC 211
AEC 250,AEC 221
AEC 251,AEC 221
AREC 250,AEC 221
ECON 201,AEC 221
ECON 201H,AEC 221
OR 48,AEC 311
OR 51,AEC 311
OR 49,OR 48
AEC 251,OR 48
OR 50,OR 48
AEC 250,OR 49
AREC 250,OR 49
ECON 201,OR 50
ECON 201H,OR 50
MTH 241,OR 51
OR 494,OR 51
MTH 241,AEC 313
OR 53,AEC 313
AEC 311,OR 53
AREC 311,OR 53
ECON 311,OR 53
OR 56,AEC 351
AEC 250,AEC 352
AREC 250,AEC 352
ECON 201,AEC 352
ECON 201H,AEC 352
MTH 111,AEC 353
OR 56,AEC 353
AEC 211,AEC 372
AREC 211,AEC 372
AEC 313,AEC 434
AREC 313,AEC 434
AEC 311,AEC 440
ECON 311,AEC 440
AEC 311,AEC 446
ST 351,AEC 446
AEC 311,AEC 448
AEC 351,AEC 448
AEC 352,AEC 448
AEC 351,AEC 452
AEC 352,AEC 452
AREC 351,AEC 452
AREC 352,AEC 452
OR 57,AEC 461
OR 56,AEC 461
AEC 300,OR 57
AREC 300,OR 57
AEC 311,OR 57
AREC 311,OR 57
ECON 311,OR 57
OR 58,AEC 465
AEC 311,AEC 465
AEC 211,OR 58
AREC 211,OR 58
AEC 221,AEC 466
OR 59,AEC 466
AEC 250,OR 59
AEC 251,OR 59
ECON 201,OR 59
AEC 512,AEC 513
AEC 513,AEC 543
AEC 512,AEC 550
AEC 550,AEC 551
AREC 550,AEC 551
OR 60,AEC 611
AEC 512,OR 60
AEC 513,OR 60
AEC 611,AEC 612
AEC 612,AEC 613
AEC 525,AEC 625
AEC 625,AEC 626
AEC 611,AEC 640
AEC 612,AEC 640
AEC 625,AEC 640
AEC 613,AEC 643
AEC 626,AEC 643
AEC 611,AEC 651
OR 61,AEC 652
OR 62,AEC 652
AEC 513,OR 61
AREC 513,OR 61
AEC 525,OR 62
AREC 525,OR 62
AEC 513,AEC 653
AEC 525,AEC 653
WR 121,AJ 311
AJ 311,AJ 312
AJ 311,AJ 313
AJ 312,AJ 313
AJ 311,AJ 490
ART 115,ART 215
ART 121,ART 222
ART 131,ART 234
ART 115,ART 271
ART 131,ART 271
ART 131,ART 281
ART 117,ART 291
ART 131,ART 331
ART 234,ART 331
ART 234,ART 334
ART 340,ART 341
ART 263,ART 345
ART 263,ART 347
ART 263,ART 348
ART 222,ART 349
ART 263,ART 349
ART 291,ART 351
ART 263,ART 354
ART 345,ART 354
ART 101,ART 375
ART 115,ART 375
ART 131,ART 375
ART 271,ART 375
ART 101,ART 376
ART 115,ART 376
ART 131,ART 376
ART 271,ART 376
ART 101,ART 377
ART 115,ART 377
ART 131,ART 377
ART 271,ART 377
ART 101,ART 378
ART 115,ART 378
ART 131,ART 378
ART 271,ART 378
ART 115,ART 379
ART 281,ART 381
ART 234,ART 381
ART 281,ART 382
ART 101,ART 383
ART 115,ART 383
ART 131,ART 383
ART 281,ART 383
ART 281,ART 384
ART 281,ART 385
ART 291,ART 391
OR 63,ART 400
ART 200,ART 400
ART 206,ART 400
ART 101,OR 63
WR 121,OR 63
WSE 210,ART 413
WSE 211,ART 413
ART 341,ART 441
ART 345,ART 443
ART 345,ART 444
ART 263,ART 446
ART 345,ART 446
ART 263,ART 447
ART 347,ART 447
ART 354,ART 454
ART 340,ART 456
ART 345,ART 456
ART 347,ART 456
ART 101,ART 475
ART 115,ART 475
ART 131,ART 475
ART 271,ART 475
ART 379,ART 479
ART 101,ART 481
ART 115,ART 481
ART 131,ART 481
ART 281,ART 481
ART 391,ART 491
ATS 201,ATS 295
ATS 320,ATS 295
ATS 201,ATS 301
ST 351,ATS 301
OR 66,ATS 310
OR 494,ATS 310
OR 578,ATS 310
PH 202,OR 66
PH 202H,OR 66
PH 212,OR 66
PH 212H,OR 66
CH 121,OR 66
CH 231,OR 66
CH 231H,OR 66
OR 68,ATS 411
OR 72,ATS 411
OR 68,ATS 412
OR 72,ATS 412
OR 328,ATS 412
ATS 310,ATS 417
ME 311,ATS 417
ME 311H,ATS 417
BEE 311,ATS 417
CE 311,ATS 417
ATS 301,ATS 441
ATS 420,ATS 441
OR 68,ATS 475
OR 72,ATS 475
ATS 515,ATS 516
OEAS 530,ATS 517
OEAS 530,ATS 541
ATS 520,ATS 541
OR 74,ATS 615
ATS 515,OR 74
OC 670,OR 74
OR 81,BB 314
OR 82,BB 314
OR 81,BB 314H
OR 82,BB 314H
BB 314,BB 315
BB 314H,BB 315
OR 1029,BB 317
OR 995,BB 317
OR 252,BB 317
CH 122,BB 331
CH 202,BB 331
CH 222,BB 331
CH 225H,BB 331
OR 92,BB 331
CH 331,BB 350
CH 332,BB 350
OR 1011,BB 360
OR 590,BB 360
OR 1029,BB 360
OR 995,BB 360
OR 252,BB 360
BB 360,BB 361
CH 332,BB 450
CH 336,BB 450
BB 450,BB 451
BB 450H,BB 451
BB 314,BB 460
BI 314,BB 460
BI 314H,BB 460
BB 451,BB 460
BB 492,BB 460
BB 450,BB 481
BB 490,BB 481
BB 481,BB 482
CH 442,BB 482
BB 482,BB 483
BB 582,BB 483
OR 100,BB 484
OR 102,OR 100
OR 101,OR 100
BI 315,OR 102
BB 315,OR 102
BB 493,OR 102
BB 493H,OR 102
BB 314,BB 485
BB 314H,BB 485
OR 104,BB 486
OR 103,BB 486
BB 492,OR 104
BB 451,OR 104
CH 332,BB 490
CH 336,BB 490
BB 490,BB 491
BB 590,BB 491
OR 105,BB 492
OR 106,BB 492
BB 490,OR 105
BB 590,OR 105
BB 491,OR 106
BB 591,OR 106
BB 492,BB 493
OR 830,BB 493
BB 493,BB 494
BB 593,BB 494
BB 315,BB 494
BI 315,BB 494
BB 581,BB 582
BB 582,BB 583
BB 590,BB 591
BB 590,BB 592
BB 591,BB 592
MB 230,BHS 316
OR 111,BHS 316
OR 108,BHS 316
BI 204,OR 111
BI 205,OR 111
OR 183,BHS 320
OR 816,BHS 320
MB 302,BHS 323
OR 117,BHS 323
BB 450,BHS 323
BB 314,OR 117
BB 314H,OR 117
OR 1029,BHS 329
OR 995,BHS 329
OR 822,BHS 340
OR 816,BHS 340
OR 995,BEE 221
OR 328,BEE 221
OR 501,BEE 311
OR 124,BEE 311
OR 72,BEE 311
BEE 311,BEE 312
CE 311,BEE 312
CHE 331,BEE 312
CHE 331H,BEE 312
BEE 312,BEE 313
BEE 222,BEE 320
OR 328,BEE 320
BEE 320,BEE 322
BEE 312,BEE 361
FE 257,BEE 411
BEE 312,BEE 433
CE 313,BEE 433
ENGR 391,BEE 438
ENGR 391H,BEE 438
MTH 111,BEE 439
BEE 312,BEE 446
CE 313,BEE 446
BEE 313,BEE 458
CE 412,BEE 458
BEE 221,BEE 468
ENVE 322,BEE 468
BEE 322,BEE 469
BEE 469,BEE 470
MTH 112,BEE 472
OR 128,BEE 472
PH 201,BEE 472
MTH 227,OR 128
MTH 251,OR 128
MTH 251H,OR 128
CE 512,BEE 525
BEE 512,BEE 525
OR 129,BIOE 340
OR 138,BIOE 340
BI 231,OR 129
Z 331,OR 129
OR 131,BIOE 351
OR 136,BIOE 351
BB 451,OR 131
BB 451H,OR 131
CBEE 414,BIOE 415
CBEE 320,BIOE 420
BB 450,BIOE 440
BIOE 351,BIOE 445
OR 830,BIOE 457
OR 136,BIOE 457
OR 830,BIOE 459
OR 136,BIOE 459
OR 830,BIOE 462
OR 138,BIOE 462
CHE 333,BIOE 490
CHE 333H,BIOE 490
BIOE 490,BIOE 491
BIOE 491,BIOE 492
CH 121,BI 205
CH 201,BI 205
OR 142,BI 205
CH 121,BI 206
CH 201,BI 206
OR 142,BI 206
OR 145,BI 212
CH 121,OR 145
CH 201,OR 145
CH 221,OR 145
CH 224H,OR 145
OR 146,OR 145
OR 148,OR 146
OR 140,OR 146
OR 149,BI 212H
CH 121,OR 149
CH 201,OR 149
CH 221,OR 149
CH 224H,OR 149
OR 150,OR 149
OR 148,OR 150
OR 140,OR 150
CH 121,BI 213
CH 201,BI 213
CH 221,BI 213
CH 224H,BI 213
OR 156,BI 213
CH 121,BI 213H
CH 201,BI 213H
CH 221,BI 213H
CH 224H,BI 213H
OR 156,BI 213H
OR 155,OR 156
OR 140,OR 156
BI 231,BI 232
BI 231,BI 233
BI 231,BI 241
BI 231,BI 242
BI 232,BI 242
BI 241,BI 242
BI 231,BI 243
BI 233,BI 243
BI 241,BI 243
OR 183,BI 311
OR 993,BI 311
OR 183,BI 311H
OR 993,BI 311H
BB 314,BI 315
BB 314H,BI 315
OR 1029,BI 317
OR 995,BI 317
OR 252,BI 317
ST 352,BI 319
OR 1029,BI 319
OR 213,BI 319
OR 995,BI 319
OR 252,BI 319
OR 179,BI 331
BI 341,BI 331
OR 1029,BI 331
OR 995,BI 331
OR 252,BI 331
CH 123,OR 179
OR 1032,OR 179
BI 331,BI 332
BI 342,BI 332
BI 332,BI 333
BI 343,BI 333
BI 101,BI 347
BI 102,BI 347
BI 211,BI 347
BI 211H,BI 347
BI 213,BI 347
BI 213H,BI 347
BI 204,BI 347
BI 150,BI 347
OR 183,BI 351
OR 993,BI 351
OR 183,BI 353
OR 993,BI 353
OR 199,BI 358
OR 82,BI 358
CH 123,OR 199
OR 1011,OR 199
OR 590,OR 199
OR 183,BI 370
OR 993,BI 370
OR 183,BI 370H
OR 993,BI 370H
BI 370,BI 371
BI 370H,BI 371
OR 212,BI 373
OR 213,BI 373
BI 351,OR 212
BI 370,OR 212
BI 370H,OR 212
OR 183,BI 375
OR 993,BI 375
BI 311,BI 420
BI 311H,BI 420
BI 314,BI 420
BI 314H,BI 420
GEO 203,BI 427
OR 183,BI 427
OR 993,BI 427
BI 311,BI 445
BI 311H,BI 445
BI 311,BI 445H
BI 311H,BI 445H
OR 224,BI 450
OR 213,BI 450
OR 226,BI 451
OR 229,BI 451
OR 232,BI 451
OR 227,OR 226
OR 228,OR 226
OR 230,OR 229
OR 231,OR 229
BI 232,OR 230
BI 242,OR 230
BI 332,OR 231
BI 342,OR 231
OR 233,OR 232
OR 234,OR 232
BI 233,OR 233
BI 243,OR 233
BI 333,OR 234
BI 343,OR 234
OR 237,BI 456
OR 213,BI 456
OR 240,BI 456
BI 311,OR 237
BI 311H,OR 237
BI 445,OR 237
BI 445H,OR 237
BI 370,BI 481
BI 370H,BI 481
OR 238,BI 483
OR 241,BI 483
OR 213,BI 483
OR 240,BI 483
MTH 241,OR 238
MTH 251,OR 238
MTH 251H,OR 238
MTH 227,OR 238
BI 311,OR 241
BI 311H,OR 241
BI 370,OR 241
BI 370H,OR 241
OR 242,BI 485
OR 567,BI 485
BI 311,OR 242
BI 311H,OR 242
BI 370,BI 495
BI 370H,BI 495
OR 244,BOT 313
OR 253,BOT 313
OR 246,OR 244
OR 1029,OR 244
OR 248,OR 246
OR 995,OR 246
BI 213,OR 248
BI 213H,OR 248
OR 254,BOT 331
OR 253,BOT 331
OR 108,BOT 331
CH 123,OR 254
OR 255,OR 254
CH 233,OR 255
CH 263,OR 255
OR 183,BOT 350
OR 993,BOT 350
BI 204,BOT 413
BI 212,BOT 413
BI 212H,BOT 413
BI 213,BOT 413
BI 213H,BOT 413
BI 311,BOT 458
BI 314,BOT 458
OR 262,BOT 460
OR 261,BOT 460
OR 263,BOT 475
BI 314,BOT 475
BI 311,OR 263
CSS 430,OR 263
BA 161,BA 162
BA 161H,BA 162
BA 161,BA 162H
BA 161H,BA 162H
BA 167,BA 168
OR 264,BA 211
MTH 111,OR 264
MTH 241,OR 264
MTH 251,OR 264
MTH 251H,OR 264
MTH 111,BA 211H
MTH 241,BA 211H
MTH 251,BA 211H
MTH 251H,BA 211H
BA 211,BA 213
BA 211H,BA 213
BA 211,BA 213H
BA 211H,BA 213H
ECON 201,BA 223
ECON 201H,BA 223
ECON 201,BA 223H
ECON 201H,BA 223H
OR 3,BA 240
OR 278,BA 240
OR 3,BA 240H
OR 278,BA 240H
OR 271,BA 253
OR 272,BA 253
OR 271,BA 253H
OR 272,BA 253H
BA 275,BA 270
BA 275H,BA 270
BA 275,BA 270H
BA 275H,BA 270H
MTH 111,BA 275
MTH 241,BA 275
MTH 251,BA 275
MTH 251H,BA 275
MTH 241,BA 275H
MTH 251,BA 275H
MTH 251H,BA 275H
MTH 111,BA 275H
MTH 245,BA 276
MTH 251,BA 276
MTH 251H,BA 276
BA 162,BA 281
BA 162H,BA 281
OR 274,BA 281
BA 162,BA 281H
BA 162H,BA 281H
OR 274,BA 281H
BA 101,BA 282
BA 162,BA 282
BA 162H,BA 282
BA 101,BA 284
BA 162,BA 284
BA 162H,BA 284
BA 275,BA 302
BA 276,BA 302
BA 275,BA 302H
BA 276,BA 302H
OR 277,BA 333
OR 278,BA 333
OR 277,BA 333H
OR 278,BA 333H
OR 282,BA 347
OR 279,BA 347
OR 282,BA 347H
OR 279,BA 347H
BA 348,BA 349
OR 285,BA 352
OR 284,BA 352
OR 285,BA 352H
OR 284,BA 352H
OR 288,BA 353
OR 291,BA 353
WR 222,OR 288
WR 323,OR 288
WR 327,OR 288
OR 284,BA 354
OR 291,BA 354
OR 284,BA 354H
OR 291,BA 354H
BA 275,BA 357
BA 275H,BA 357
BA 276,BA 357
BA 275,BA 357H
BA 275H,BA 357H
BA 276,BA 357H
OR 293,BA 360
OR 294,BA 360
OR 293,BA 360H
OR 294,BA 360H
BA 260,BA 363
BA 260H,BA 363
BA 367,BA 368
BA 270,BA 370
BA 270H,BA 370
BA 302,BA 370
BA 272,BA 371
OR 297,BA 371
BA 272,BA 372
OR 297,BA 372
BA 275,BA 375
BA 275H,BA 375
BA 275,BA 375H
BA 275H,BA 375H
BA 276,BA 376
BA 101,BA 381
ECON 201,BA 390
ECON 201H,BA 390
AREC 250,BA 390
ECON 201,BA 390H
ECON 201H,BA 390H
AREC 250,BA 390H
BA 347,BA 447
BA 347H,BA 447
BA 357,BA 451
BA 357H,BA 451
BA 459,BA 454
MGMT 457,BA 454
BA 223,BA 458
BA 223H,BA 458
BA 390,BA 458
BA 390H,BA 458
BA 451,BA 459
OR 318,BA 459
OR 301,BA 460
OR 304,BA 460
OR 310,BA 460
BA 351,OR 301
BA 352,OR 301
BA 352H,OR 301
BA 365,BA 463
OR 303,BA 464
OR 305,OR 303
OR 304,OR 303
BA 240,OR 305
BA 240H,OR 305
BA 360,OR 305
BA 360H,OR 305
FIN 340,OR 305
FIN 340H,OR 305
OR 306,BA 466
OR 312,OR 306
OR 310,OR 306
OR 309,OR 306
OR 678,OR 306
OR 311,BA 466H
OR 312,OR 311
OR 310,OR 311
OR 309,OR 311
OR 678,OR 311
BA 458,BA 467
OR 309,BA 467
BA 363,BA 468
BA 481,BA 474
BA 483,BA 474
BA 481,BA 475
BA 483,BA 475
BA 474,BA 476
BA 475,BA 476
OR 318,BA 478
OR 309,BA 478
ACTG 378,BA 479
ACTG 378H,BA 479
BA 272,BA 480
BA 479,BA 480
OR 13,BA 480
BA 371,BA 483
BA 479,BA 483
BA 360,BA 487
BA 486,BA 487
BA 352,BA 488
BA 551,BA 552
BA 555,BA 552
BA 559,BA 554
BA 561,BA 554
BA 551,BA 557
BA 552,BA 557
BA 561,BA 557
BA 551,BA 559
BA 555,BA 559
BA 560,BA 570
BA 573,BA 574
BA 573,BA 575
BA 574,BA 576
BA 575,BA 576
BA 555,BA 577
BA 574,BA 577
BA 575,BA 577
BA 555,BA 578
MTH 112,CBEE 102
MTH 251,CBEE 102
MTH 251H,CBEE 102
MTH 112,CBEE 102H
MTH 251,CBEE 102H
MTH 251H,CBEE 102H
MTH 252,CBEE 211
MTH 252H,CBEE 211
MTH 252,CBEE 211H
MTH 252H,CBEE 211H
OR 322,CBEE 212
OR 328,CBEE 212
OR 322,CBEE 212H
OR 328,CBEE 212H
CBEE 212,CBEE 213
CBEE 212H,CBEE 213
MTH 256,CBEE 280
MTH 256H,CBEE 280
CBEE 212,CBEE 320
CBEE 212H,CBEE 320
CBEE 280,CBEE 320
CBEE 213,CBEE 414
CHE 311,CBEE 414
OR 136,CBEE 414
CBEE 213,CBEE 414H
CHE 311,CBEE 414H
OR 136,CBEE 414H
CHE 415,CBEE 416
CHE 415H,CBEE 416
BIOE 415,CBEE 416
ENVE 415,CBEE 416
OR 326,CHE 311
OR 328,CHE 311
CBEE 212,OR 326
CBEE 212H,OR 326
CBEE 280,OR 326
CHE 311,CHE 312
CBEE 212,CHE 320
CBEE 212H,CHE 320
CBEE 280,CHE 320
OR 331,CHE 331
OR 328,CHE 331
OR 331,CHE 331H
OR 328,CHE 331H
CHE 311,CHE 332
OR 332,CHE 332
CHE 311,CHE 332H
OR 332,CHE 332H
CHE 331,CHE 333
CHE 331H,CHE 333
CHE 332,CHE 333
CHE 332H,CHE 333
CHE 331,CHE 333H
CHE 331H,CHE 333H
CHE 332,CHE 333H
CHE 332H,CHE 333H
CBEE 213,CHE 334
OR 334,CHE 334
CHE 333,OR 334
CHE 333H,OR 334
OR 332,CHE 361
OR 328,CHE 361
CHE 312,CHE 411
OR 136,CHE 411
CBEE 414,CHE 415
CHE 411,CHE 415
CHE 443,CHE 415
CHE 361,CHE 415
CHE 332,CHE 417
CHE 335,CHE 417
CHE 312,CHE 431
CHE 411,CHE 431
CHE 443,CHE 431
CHE 431,CHE 432
CHE 312,CHE 443
OR 136,CHE 443
CHE 443,CHE 444
CHE 311,CHE 450
ME 311,CHE 450
ME 311H,CHE 450
CH 440,CHE 450
CHE 311,CHE 451
ME 311,CHE 451
ME 311H,CHE 451
CH 440,CHE 451
CHE 311,CHE 452
OR 136,CHE 452
OR 341,CHE 461
CHE 361,CHE 461
OR 332,CHE 461
CHE 332,OR 341
CHE 332H,OR 341
CHE 540,CHE 542
MTH 095,CH 101
MTH 103,CH 101
MTH 111,CH 101
MTH 241,CH 101
MTH 251,CH 101
MTH 251H,CH 101
MTH 252,CH 101
MTH 252H,CH 101
CH 121,CH 122
OR 342,CH 122
CH 201,OR 342
OR 140,OR 342
CH 122,CH 123
OR 344,CH 123
OR 348,OR 344
OR 92,OR 344
CH 202,OR 348
CH 205,OR 348
CH 121,CH 124
CH 121,CH 125
CH 124,CH 125
MTH 111,CH 201
MTH 112,CH 201
MTH 251,CH 201
MTH 251H,CH 201
MTH 252,CH 201
MTH 252H,CH 201
MTH 254,CH 201
MTH 254H,CH 201
CH 121,CH 202
CH 201,CH 202
CH 231,CH 202
CH 231H,CH 202
CH 202,CH 205
MTH 111,CH 231
MTH 112,CH 231
MTH 251,CH 231
MTH 251H,CH 231
MTH 252,CH 231
MTH 252H,CH 231
MTH 254,CH 231
MTH 254H,CH 231
MTH 111,CH 231H
MTH 112,CH 231H
MTH 251,CH 231H
MTH 251H,CH 231H
MTH 252,CH 231H
MTH 252H,CH 231H
MTH 254,CH 231H
MTH 254H,CH 231H
CH 221,CH 232
OR 140,CH 232
CH 221,CH 232H
OR 140,CH 232H
CH 222,CH 233
OR 93,CH 233
CH 222,CH 233H
OR 93,CH 233H
CH 261,CH 262
CH 261H,CH 262
CH 271,CH 262
CH 221,CH 262
CH 224H,CH 262
CH 261,CH 262H
CH 261H,CH 262H
CH 271,CH 262H
CH 221,CH 262H
CH 224H,CH 262H
CH 262,CH 263
CH 262H,CH 263
CH 272,CH 263
CH 222,CH 263
CH 225H,CH 263
CH 262,CH 263H
CH 262H,CH 263H
CH 272,CH 263H
CH 222,CH 263H
CH 225H,CH 263H
CH 271,CH 272
CH 221,CH 272
CH 224H,CH 272
CH 272,CH 273
CH 222,CH 273
CH 225H,CH 273
CH 123,CH 324
CH 223,CH 324
CH 226H,CH 324
OR 902,CH 324
CH 123,CH 331
CH 223,CH 331
CH 226H,CH 331
OR 902,CH 331
CH 331,CH 332
CH 123,CH 334
CH 223,CH 334
CH 226H,CH 334
OR 902,CH 334
CH 334,CH 335
CH 335,CH 336
OR 362,CH 337
OR 363,CH 337
CH 331,OR 362
CH 332,OR 362
CH 334,OR 363
CH 335,OR 363
CH 336,OR 363
OR 364,CH 361
OR 367,OR 364
CH 334,OR 364
OR 378,OR 364
OR 365,OR 364
OR 494,OR 364
OR 375,OR 364
OR 155,OR 367
OR 93,OR 367
OR 347,OR 367
OR 140,OR 367
OR 361,OR 367
OR 590,OR 367
OR 376,CH 361H
OR 379,OR 376
CH 334,OR 376
OR 378,OR 376
OR 365,OR 376
OR 494,OR 376
OR 375,OR 376
OR 155,OR 379
OR 93,OR 379
OR 347,OR 379
OR 140,OR 379
OR 361,OR 379
OR 590,OR 379
CH 335,CH 362
OR 389,CH 362
CH 335,CH 362H
OR 389,CH 362H
CH 331,CH 390
CH 334,CH 390
CH 411,CH 412
CH 336,CH 435
OR 390,CH 435
CH 442,OR 390
CH 542,OR 390
MTH 254,CH 440
MTH 254H,CH 440
OR 391,CH 441
OR 72,CH 441
CH 440,OR 391
CHE 311,OR 391
CH 441,CH 442
OR 72,CH 442
CH 442,CH 450
CH 542,CH 450
CH 421,CH 461
CH 440,CH 461
OR 400,CH 461
CH 421,CH 461H
CH 440,CH 461H
OR 400,CH 461H
CH 441,CH 462
OR 403,CH 462
OR 400,CH 462
CH 441,CH 462H
OR 403,CH 462H
OR 400,CH 462H
CH 442,CH 463
OR 403,CH 463
OR 400,CH 463
CH 442,CH 463H
OR 403,CH 463H
OR 400,CH 463H
CH 442,CH 464
OR 400,CH 464
CH 442,CH 464H
OR 400,CH 464H
CH 336,CH 471
CH 337,CH 471
MTH 252,CH 490
MTH 252H,CH 490
CH 511,CH 512
NE 531,CH 516
OR 406,CH 516
RHP 531,OR 406
RHP 536,OR 406
CH 542,CH 550
CH 632,CH 633
CH 550,CH 680
CHN 111,CHN 112
CHN 112,CHN 113
CHN 113,CHN 211
CHN 211,CHN 212
CHN 212,CHN 213
CHN 213,CHN 311
CHN 311,CHN 312
CHN 312,CHN 313
MTH 111,CCE 201
MTH 112,CCE 201
MTH 241,CCE 201
MTH 251,CCE 201
CCE 201,CCE 203
ENGR 248,CCE 203
OR 407,CCE 321
OR 409,OR 407
OR 679,OR 407
OR 409,CCE 321H
OR 679,CCE 321H
CCE 321,CCE 421
CE 321,CCE 422
CCE 321,CCE 422
CCE 321,CCE 424
CCE 523,CCE 621
CE 201,CE 202
CCE 201,CE 202
ENGR 248,CE 202
PH 213,CE 311
ENGR 213,CE 311
ENGR 212,CE 311
OR 328,CE 311
CE 311,CE 313
CHE 331,CE 313
CHE 331H,CE 313
OR 413,CE 361
ENGR 213,CE 361
PH 213,CE 361
ST 314,CE 361
CCE 201,OR 413
CE 202,OR 413
CE 361,CE 365
CEM 263,CE 365
FE 208,CE 365
ENGR 213,CE 372
ENGR 213H,CE 372
OR 414,CE 372
CH 201,CE 372
PH 212,CE 372
CE 311,OR 414
CEM 311,OR 414
CHE 331,OR 414
CHE 331H,OR 414
CE 372,CE 373
FE 315,CE 373
ENGR 213,CE 381
ENGR 213H,CE 381
CE 381,CE 382
OR 415,CE 382
MTH 306,OR 415
MTH 306H,OR 415
OR 416,OR 415
MTH 264,OR 416
MTH 265,OR 416
CE 382,CE 383
CE 361,CE 392
OR 853,CE 392
CE 313,CE 411
CEM 311,CE 411
CE 313,CE 412
CE 313,CE 415
CE 313,CE 417
CE 382,CE 418
CE 313,CE 418
OR 418,CE 418
CE 372,OR 418
FE 315,OR 418
CE 418,CE 419
CEM 442,CE 424
OR 419,CE 427
OR 420,CE 427
OR 421,CE 427
CE 321,OR 419
CCE 321,OR 419
FE 315,OR 420
CE 372,OR 420
CEM 383,OR 421
CE 383,OR 421
CE 361,CE 461
CEM 263,CE 461
FE 208,CE 461
CE 361,CE 463
CEM 263,CE 463
FE 208,CE 463
CE 361,CE 465
CEM 263,CE 465
FE 208,CE 465
CE 361,CE 469
CEM 263,CE 469
FE 208,CE 469
CE 373,CE 471
FE 316,CE 471
CE 373,CE 479
FE 316,CE 479
CE 382,CE 481
CE 481,CE 482
CE 383,CE 484
CE 481,CE 484
CE 481,CE 486
CE 392,CE 491
ST 314,CE 491
CE 392,CE 492
CE 547,CE 514
CE 512,CE 516
BEE 512,CE 516
CE 514,CE 518
CE 512,CE 525
BEE 512,CE 525
CE 585,CE 530
OR 422,CE 532
CE 585,OR 422
ME 520,OR 422
CE 534,CE 535
ME 522,CE 535
OR 423,CE 538
CE 536,OR 423
ME 520,OR 423
CE 572,CE 576
CE 577,CE 576
OR 424,CE 631
CE 630,OR 424
OC 630,OR 424
OR 425,CE 634
CE 630,OR 425
CE 631,OR 425
CE 630,CE 642
CE 630,CE 643
CE 630,CE 645
CE 630,CE 647
COMM 111,COMM 312
COMM 111H,COMM 312
COMM 114,COMM 312
COMM 114H,COMM 312
COMM 114,COMM 314
COMM 114H,COMM 314
COMM 218,COMM 318
COMM 218H,COMM 318
COMM 218,COMM 332
COMM 321,COMM 414
COMM 321,COMM 416
COMM 321,COMM 418
COMM 321,COMM 422
COMM 321,COMM 426
COMM 326,COMM 426
COMM 321,COMM 430
COMM 321,COMM 432
COMM 320,COMM 454
COMM 320,COMM 456
COMM 320,COMM 458
COMM 320,COMM 459
COMM 320,COMM 460
COMM 320,COMM 462
COMM 320,COMM 464
COMM 320,COMM 466
COMM 320,COMM 470
COMM 321,COMM 470
MTH 111,CS 151
MTH 112,CS 151
MTH 251,CS 151
MTH 251H,CS 151
MTH 112,CS 161
CS 161,CS 162
EECS 161,CS 162
MTH 112,CS 165
MTH 111,CS 225
MTH 112,CS 225
OR 426,CS 261
OR 427,CS 261
CS 261,CS 262
CS 151,CS 271
CS 161,CS 271
CS 165,CS 271
ECE 151,CS 271
CS 162,CS 290
CS 165,CS 290
CS 195,CS 295
CS 372,CS 312
OR 428,CS 312
CS 261,CS 321
OR 427,CS 321
CS 261,CS 321H
OR 427,CS 321H
CS 261,CS 325
OR 427,CS 325
CS 261,CS 325H
OR 427,CS 325H
CS 325,CS 331
CS 325H,CS 331
CS 290,CS 340
CS 261,CS 344
OR 433,CS 344
CS 271,OR 433
ECE 271,OR 433
CS 151,CS 352
CS 161,CS 352
CS 165,CS 352
CS 295,CS 352
ECE 151,CS 352
CS 261,CS 361
CS 261,CS 362
CS 344,CS 370
CS 261,CS 372
OR 471,CS 372
CS 344,CS 373
CS 340,CS 373
CS 372,CS 373
CS 261,CS 381
OR 427,CS 381
CS 195,CS 395
OR 436,CS 395
ART 120,OR 436
OR 426,OR 436
OR 438,CS 420
CS 325,OR 438
CS 325H,OR 438
CS 261,CS 427
MTH 355,CS 427
CS 325,CS 434
CS 325H,CS 434
CS 261,CS 440
OR 439,CS 440
CS 275,OR 439
CS 340,OR 439
OR 441,CS 444
OR 428,CS 444
CS 271,OR 441
ECE 375,OR 441
CS 261,CS 446
CS 344,CS 447
CS 261,CS 450
OR 442,CS 450
CS 361,CS 458
CS 361,CS 461
CS 362,CS 462
CS 461,CS 462
CS 462,CS 463
CS 261,CS 464
CS 361,CS 464
CS 344,CS 467
CS 361,CS 467
CS 362,CS 467
CS 352,CS 468
ECE 375,CS 472
CS 261,CS 475
OR 444,CS 476
OR 485,CS 476
CS 344,CS 477
CS 370,CS 477
CS 372,CS 478
ECE 372,CS 478
OR 445,CS 480
CS 321,CS 480
CS 344,OR 445
CS 311,OR 445
CS 261,CS 491
MTH 252,CS 491
OR 427,CS 491
CS 344,CS 492
CS 290,CS 493
CS 340,CS 493
CS 372,CS 493
CS 344,CS 496
CS 311,CS 496
CS 534,CS 535
ROB 537,CS 535
CS 561,CS 560
CS 561,CS 563
CS 581,CS 582
CS 581,CS 583
CS 581,CS 585
CS 535,CS 637
CS 537,CS 637
ENGR 211,CEM 263
ENGR 211H,CEM 263
ENGR 211,CEM 311
ENGR 211H,CEM 311
CCE 207,CEM 326
CEM 407,CEM 326
CEM 442,CEM 341
CEM 341,CEM 342
CEM 342,CEM 343
ENGR 213,CEM 381
ENGR 213H,CEM 381
CCE 321,CEM 383
CEM 381,CEM 383
CEM 341,CEM 431
CEM 341,CEM 432
FE 315,CEM 441
CE 372,CEM 441
CCE 207,CEM 442
CEM 407,CEM 442
CEM 341,CEM 443
CEM 343,CEM 443
CCE 207,CEM 471
CEM 407,CEM 471
CCE 207,CEM 472
CEM 407,CEM 472
COUN 578,COUN 579
COUN 581,COUN 582
CSS 305,CSS 315
BI 102,CROP 433
BI 213,CROP 433
BI 311,CROP 433
HORT 430,CROP 433
CSS 430,CROP 433
PBG 430,CROP 433
HORT 450,CROP 433
CSS 450,CROP 433
PBG 450,CROP 433
CROP 200,CROP 470
CROP 200,CROP 570
BA 101,DSGN 253
OR 447,DSGN 253
BA 162,OR 447
BA 162H,OR 447
BA 101,DSGN 282
BA 162,DSGN 282
BA 162H,DSGN 282
BA 101,DSGN 283
BA 162,DSGN 283
BA 162H,DSGN 283
BA 101,DSGN 284
BA 162,DSGN 284
BA 162H,DSGN 284
DSGN 226,DSGN 327
DSGN 327,DSGN 328
DSGN 327,DSGN 329
WR 222,DSGN 330
WR 323,DSGN 330
WR 327,DSGN 330
DSGN 341,DSGN 342
DSGN 342,DSGN 343
DSGN 255,DSGN 352
DHE 255,DSGN 352
DSGN 255,DSGN 355
DSGN 327,DSGN 355
DSGN 255,DSGN 356
DSGN 255,DSGN 357
DSGN 327,DSGN 357
DSGN 276,DSGN 372
DSGN 372,DSGN 377
DSGN 472,DSGN 377
DSGN 287,DSGN 387
DSGN 387,DSGN 388
DSGN 388,DSGN 394
DHE 388,DSGN 394
DSGN 327,DSGN 427
DSGN 327,DSGN 428
DSGN 428,DSGN 429
DSGN 343,DSGN 440
DSGN 440,DSGN 441
DHE 440,DSGN 442
DSGN 440,DSGN 442
ART 204,DSGN 464
ART 205,DSGN 464
ART 206,DSGN 464
DSGN 377,DSGN 471
OR 448,DSGN 471
BA 390,OR 448
BA 390H,OR 448
MRKT 390,OR 448
DSGN 377,DSGN 473
DSGN 394,DSGN 488
DHE 394,DSGN 488
DSGN 488,DSGN 495
DHE 160,DHE 161
DHE 180,DHE 187
DHE 170,DHE 233
DHE 161,DHE 262
DHE 170,DHE 276
DHE 280,DHE 281
DHE 187,DHE 287
DHE 283,DHE 288
DHE 287,DHE 288
DHE 287,DHE 289
DHE 300,DHE 310
DHE 245,DHE 321
DHE 277,DHE 321
DHE 250,DHE 326
DHE 255,DHE 326
DHE 227,DHE 327
DHE 233,DHE 330
WR 121,DHE 330
WR 222,DHE 330
DHE 330,DHE 334
DHE 255,DHE 355
DHE 262,DHE 360
DHE 263,DHE 360
DHE 277,DHE 370
DHE 276,DHE 376
BA 215,DHE 376
DHE 289,DHE 387
DHE 387,DHE 389
DHE 321,DHE 427
DHE 327,DHE 427
DHE 327,DHE 428
DHE 321,DHE 429
DHE 327,DHE 429
DHE 427,DHE 429
DHE 428,DHE 429
DHE 334,DHE 437
DHE 389,DHE 443
DHE 443,DHE 445
DHE 255,DHE 453
DHE 461,DHE 464
DHE 462,DHE 464
DHE 370,DHE 470
DHE 271,DHE 472
DHE 470,DHE 472
OR 449,DHE 472
BA 215,OR 449
BA 215H,OR 449
DHE 376,DHE 476
DHE 389,DHE 481
DHE 394,DHE 488
DHE 570,DHE 572
ECON 201,ECON 311
ECON 201H,ECON 311
OR 279,ECON 315
OR 278,ECON 315
OR 454,ECON 329
OR 279,ECON 329
OR 278,ECON 329
OR 279,ECON 330
OR 278,ECON 330
OR 279,ECON 340
OR 278,ECON 340
ECON 201,ECON 350
ECON 202,ECON 350
AEC 250,ECON 352
AREC 250,ECON 352
ECON 201,ECON 352
ECON 201H,ECON 352
ECON 201,ECON 383
ECON 201H,ECON 383
OR 454,ECON 411
OR 278,ECON 411
ECON 311,ECON 414
ECON 411,ECON 414
OR 454,ECON 415
OR 279,ECON 415
OR 278,ECON 415
ECON 311,ECON 420
ECON 411,ECON 420
MTH 241,ECON 423
MTH 251,ECON 423
MTH 251H,ECON 423
OR 465,ECON 424
OR 464,ECON 424
ST 351,OR 465
ST 351H,OR 465
ECON 423,OR 465
ECON 423,ECON 427
OR 464,ECON 427
ECON 311,ECON 428
ECON 411,ECON 428
ECON 311,ECON 435
ECON 411,ECON 435
ECON 311,ECON 439
ECON 411,ECON 439
ECON 311,ECON 440
ECON 315,ECON 441
ECON 201,ECON 455
ECON 202,ECON 455
ECON 311,ECON 460
ECON 411,ECON 460
ECON 201,ECON 461
ECON 201H,ECON 461
ECON 311,ECON 462
ECON 411,ECON 462
ECON 311,ECON 463
ECON 411,ECON 463
ECON 201,ECON 466
ECON 201H,ECON 466
ECON 311,ECON 480
ECON 411,ECON 480
ECON 311,ECON 491
ECON 411,ECON 491
ECON 523,ECON 525
ED 413,ED 414
ED 407,ED 424
ED 410,ED 424
ED 450,ED 451
ED 451,ED 452
ED 465,ED 468
ED 472,ED 470
ED 472,ED 471
ED 472,ED 473
ED 472,ED 476
ED 472,ED 479
ED 513,ED 514
ED 513,ED 515
ED 514,ED 515
ED 531,ED 532
ED 531,ED 533
ED 532,ED 533
ED 537,ED 538
ED 537,ED 539
ED 538,ED 539
ED 550,ED 551
ED 572,ED 570
ED 572,ED 571
ED 572,ED 573
ED 572,ED 576
ED 572,ED 579
ED 584,ED 586
ED 585,ED 586
ED 587,ED 589
ED 588,ED 589
SED 622,ED 652
MTH 111,ECE 112
MTH 112,ECE 112
MTH 251,ECE 112
MTH 251H,ECE 112
MTH 251,ECE 271
MTH 251H,ECE 271
MTH 231,ECE 271
ENGR 203,ECE 322
ENGR 203,ECE 322H
ECE 322,ECE 323
MTH 256,ECE 331
PH 213,ECE 331
OR 499,ECE 331
ENGR 202,ECE 332
ENGR 202H,ECE 332
CS 261,ECE 341
ENGR 203,ECE 341
ECE 341,ECE 342
ENGR 203,ECE 351
OR 328,ECE 351
ECE 351,ECE 352
OR 469,ECE 352
MTH 306,OR 469
MTH 306H,OR 469
ECE 351,ECE 353
OR 72,ECE 353
CS 261,ECE 372
OR 471,ECE 372
ECE 271,ECE 375
ENGR 203,ECE 390
PH 213,ECE 390
OR 705,ECE 390
ECE 322,ECE 391
ENGR 203,ECE 391
OR 72,ECE 391
OR 328,ECE 391
ECE 390,ECE 411
ECE 323,ECE 413
PH 213,ECE 413
OR 476,ECE 413
OR 475,ECE 413
OR 480,ECE 413
ECE 416,ECE 415
ENGR 321,ECE 415
ENGR 321H,ECE 415
ENGR 201,ECE 416
PH 213,ECE 416
OR 476,ECE 416
OR 475,ECE 416
OR 480,ECE 416
ECE 416,ECE 417
ECE 416,ECE 418
ECE 322,ECE 422
ECE 323,ECE 422
ECE 422,ECE 423
ECE 322,ECE 431
ECE 323,ECE 431
ECE 351,ECE 431
ECE 331,ECE 432
ENGR 203,ECE 432
ECE 323,ECE 433
ECE 352,ECE 433
MTH 254,ECE 433
MTH 306,ECE 433
OR 499,ECE 433
ECE 433,ECE 437
ECE 331,ECE 438
ECE 431,ECE 438
ECE 322,ECE 441
ECE 351,ECE 441
ECE 342,ECE 441
ECE 441,ECE 442
ECE 442,ECE 443
OR 482,ECE 451
ME 317,OR 482
OR 483,OR 482
ECE 351,ECE 461
ECE 352,ECE 461
ECE 353,ECE 461
ECE 461,ECE 462
ECE 351,ECE 462
ECE 352,ECE 462
ECE 353,ECE 462
ECE 351,ECE 463
ECE 352,ECE 463
ECE 351,ECE 464
ECE 352,ECE 464
ECE 351,ECE 468
ECE 352,ECE 468
ECE 271,ECE 471
ECE 322,ECE 471
ECE 323,ECE 471
ECE 375,ECE 472
ECE 322,ECE 473
ECE 375,ECE 473
CS 261,ECE 473
ECE 322,ECE 474
ECE 375,ECE 474
OR 444,ECE 476
OR 485,ECE 476
CS 372,ECE 478
ECE 372,ECE 478
ECE 391,ECE 483
PH 481,ECE 483
OR 487,ECE 484
ECE 390,OR 487
ECE 391,OR 487
ECE 390,ECE 485
ECE 391,ECE 485
ENGR 202,ESE 330
ENGR 212,ESE 330
MTH 256,ESE 330
MTH 306,ESE 330
BA 360,ESE 355
ENGR 390,ESE 355
OR 488,ESE 360
ME 311,ESE 360
BA 360,OR 488
ENGR 390,OR 488
ESE 330,ESE 430
ME 312,ESE 450
ENGR 202,ESE 470
ME 311,ESE 470
ENGR 202,ESE 471
ME 312,ESE 471
OR 489,ESE 497
OR 490,OR 489
IE 425,OR 489
ESE 355,OR 489
ESE 360,OR 489
WR 327,OR 489
OR 493,OR 489
OR 799,OR 489
OR 722,OR 489
ENGR 390,OR 490
BA 360,OR 490
ESE 497,ESE 498
IE 497,ESE 498
ME 497,ESE 498
MIME 497,ESE 498
OR 497,ENGR 201
OR 494,ENGR 201
OR 497,ENGR 201H
OR 494,ENGR 201H
ENGR 201,ENGR 202
ENGR 201H,ENGR 202
OR 498,ENGR 203
OR 499,ENGR 203
OR 328,ENGR 203
ENGR 201,OR 498
ENGR 201H,OR 498
MTH 252,ENGR 211
MTH 252H,ENGR 211
MTH 252,ENGR 211H
MTH 252H,ENGR 211H
OR 501,ENGR 212
OR 766,ENGR 212
OR 501,ENGR 212H
OR 766,ENGR 212H
ENGR 211,ENGR 213
ENGR 211H,ENGR 213
ENGR 211,ENGR 213H
ENGR 211H,ENGR 213H
ENG 200,ENG 345
MTH 256,ENVE 321
MTH 256H,ENVE 321
OR 505,ENVE 322
OR 506,OR 505
OR 328,OR 505
CH 222,OR 506
CH 232,OR 506
CH 232H,OR 506
CH 225H,OR 506
CBEE 414,ENVE 415
ENVE 322,ENVE 421
ENVE 421,ENVE 422
ENVE 321,ENVE 425
ENVE 322,ENVE 425
OR 508,ENVE 431
OR 509,OR 508
OR 510,OR 508
OR 511,OR 508
ENVE 421,OR 508
CH 123,OR 509
CH 223,OR 509
CH 226H,OR 509
CH 233,OR 509
CH 440,OR 510
CHE 331,OR 510
CHE 331H,OR 510
ENVE 321,OR 511
ENVE 322,OR 511
CHE 333,ENVE 457
ENVE 322,ENVE 457
ENVE 421,ENVE 490
ENVE 422,ENVE 490
ENVE 532,ENVE 535
ENVE 541,ENVE 542
ENVE 541,ENVE 545
OR 513,ES 485
OR 46,ES 485
FILM 110,FILM 310
FILM 125,FILM 310
OR 514,FIN 340
OR 515,OR 514
OR 278,OR 514
OR 517,FIN 340H
OR 515,OR 517
OR 278,OR 517
BA 240,FIN 341
BA 240H,FIN 341
BA 360,FIN 341
BA 360H,FIN 341
FIN 340,FIN 341
FIN 340H,FIN 341
FIN 340,FIN 342
FIN 340H,FIN 342
BA 240,FIN 342
BA 240H,FIN 342
BA 360,FIN 342
BA 360H,FIN 342
FIN 437,FIN 438
BA 437,FIN 438
FIN 437,FIN 439
BA 437,FIN 439
FIN 341,FIN 440
BA 240,FIN 441
BA 240H,FIN 441
BA 360,FIN 441
BA 360H,FIN 441
FIN 340,FIN 441
FIN 340H,FIN 441
FIN 342,FIN 442
FIN 341,FIN 443
BA 341,FIN 443
FIN 341,FIN 444
FIN 341,FIN 445
FIN 342,FIN 445
OR 520,FIN 445
FIN 440,OR 520
FIN 442,OR 520
FIN 443,OR 520
FIN 444,OR 520
FIN 499,OR 520
FIN 542,FIN 543
BA 540,FIN 545
BA 540,FIN 546
FIN 546,FIN 549
FIN 550,FIN 551
FIN 551,FIN 552
FIN 552,FIN 553
FW 107,FW 209
BI 302,FW 301
FW 302,FW 301
OR 521,FW 316
OR 522,FW 316
OR 523,FW 316
BI 211,OR 521
BI 211H,OR 521
BI 204,OR 521
BI 212,OR 522
BI 212H,OR 522
BI 205,OR 522
BI 213,OR 523
BI 213H,OR 523
BI 206,OR 523
BI 370,FW 320
BI 370H,FW 320
BI 371,FW 320
FW 320,FW 321
OR 524,FW 366
OR 525,FW 366
BI 204,OR 524
BI 211,OR 524
BI 211H,OR 524
BI 205,OR 525
BI 212,OR 525
BI 212H,OR 525
OR 526,FW 370
OR 527,FW 370
OR 528,FW 370
BI 211,OR 526
BI 204,OR 526
BI 212,OR 527
BI 205,OR 527
BI 213,OR 528
BI 206,OR 528
FW 315,FW 454
FW 320,FW 454
BI 370,FW 456
BI 371,FW 456
BI 370,FW 464
BI 370H,FW 464
FW 315,FW 473
OR 224,FW 473
FW 315,FW 476
FW 454,FW 477
BI 370,FW 481
BI 370H,FW 481
BI 371,FW 481
FW 320,FW 488
FW 321,FW 488
FW 537,FW 538
FCSJ 454,FCSJ 422
ANTH 240,FCSJ 444
ANTH 330,FCSJ 444
FCSJ 554,FCSJ 522
OR 530,FST 360
OR 531,FST 360
BI 211,OR 530
BI 211H,OR 530
BI 212,OR 530
BI 212H,OR 530
BI 213,OR 530
BI 213H,OR 530
CH 121,OR 531
CH 221,OR 531
CH 221H,OR 531
CH 231,OR 531
CH 231H,OR 531
WR 121,FST 385
FST 360,FST 385
MB 302,FST 385
OR 532,FST 420
OR 533,FST 420
ST 351,OR 532
ST 411,OR 532
ST 352,OR 533
ST 412,OR 533
OR 534,FST 422
OR 535,FST 422
OR 536,FST 422
BB 350,OR 534
BB 450,OR 534
BB 450H,OR 534
CH 332,OR 535
CH 336,OR 535
MTH 228,OR 536
MTH 252,OR 536
MTH 252H,OR 536
FST 422,FST 425
CH 331,FST 430
CH 332,FST 430
FST 360,FST 430
FST 421,FST 430
FST 422,FST 430
FST 251,FST 437
BB 350,FST 437
FST 437,FST 438
CH 331,FST 460
CH 332,FST 460
OR 1029,FST 460
FST 460,FST 461
OR 812,FST 461
CH 331,FST 466
CH 332,FST 466
OR 1029,FST 466
FST 466,FST 467
FST 479,FST 467
CH 331,FST 479
CH 332,FST 479
MB 302,FST 479
OR 839,FST 479
OR 1029,FST 479
BEE 472,FST 490
FST 360,FST 490
FST 522,FST 525
FST 537,FST 538
FST 566,FST 567
FST 520,FST 620
FST 566,FST 666
FST 567,FST 666
ST 201,FES 202
FES 141,FES 343
FES 241,FES 343
BI 204,FES 412
BI 211,FES 412
BI 211H,FES 412
BI 212,FES 412
BI 212H,FES 412
ST 201,FES 422
ST 351,FES 422
ST 351H,FES 422
BOT 341,FES 433
ST 511,FES 524
ST 512,FES 524
FES 536,FES 527
MTH 112,FE 208
MTH 241,FE 208
MTH 251,FE 208
MTH 251H,FE 208
MTH 252,FE 208
MTH 252H,FE 208
MTH 112,FE 209
MTH 241,FE 209
MTH 251,FE 209
MTH 251H,FE 209
MTH 252,FE 209
MTH 252H,FE 209
OR 542,FE 310
CE 361,FE 310
CEM 263,FE 310
FE 208,OR 542
FE 308,OR 542
ENGR 213,FE 315
FE 315,FE 316
CE 372,FE 316
ENGR 213,FE 330
FE 102,FE 330
PH 201,FE 370
PH 211,FE 370
ENGR 211,FE 371
FE 102,FE 371
FE 310,FE 415
FE 316,FE 416
FE 415,FE 416
OR 501,FE 416
OR 679,FE 416
FE 309,FE 423
GEOG 480,FE 423
GEOG 481,FE 423
GEO 444,FE 423
GEO 466,FE 423
OR 545,FE 434
OR 546,FE 434
OR 454,FE 434
CH 121,OR 545
CH 201,OR 545
CH 231,OR 545
SOIL 205,OR 546
CSS 305,OR 546
CSS 205,OR 546
FE 434,FE 436
FE 102,FE 440
OR 548,FE 440
FE 370,OR 548
FE 371,OR 548
FE 257,FE 444
OR 549,FE 444
OR 550,FE 444
MTH 112,OR 549
MTH 241,OR 549
MTH 251,OR 549
MTH 251H,OR 549
MTH 252,OR 549
MTH 252H,OR 549
PH 201,OR 550
PH 211,OR 550
AREC 351,FE 457
FOR 330,FE 457
FE 457,FE 459
FOR 457,FE 459
FE 459,FE 469
FOR 459,FE 469
ENGR 213,FE 470
FE 371,FE 470
OR 501,FE 470
CE 373,FE 479
FE 316,FE 479
GEOG 580,FE 523
GEOG 581,FE 523
GEO 544,FE 523
GEO 566,FE 523
OC 678,FE 523
OR 552,FOR 321
FE 208,FOR 321
FE 209,FOR 321
OR 553,FOR 321
OR 554,FOR 321
FOR 141,OR 552
FES 141,OR 552
FOR 241,OR 552
FES 241,OR 552
MTH 241,OR 553
MTH 245,OR 553
MTH 251,OR 553
MTH 251H,OR 553
ST 201,OR 554
ST 314,OR 554
ST 314H,OR 554
ST 351,OR 554
ST 351H,OR 554
FOR 321,FOR 322
MTH 241,FOR 322
OR 933,FOR 322
OR 557,FOR 330
OR 56,FOR 330
MTH 241,OR 557
MTH 245,OR 557
MTH 251,OR 557
MTH 251H,OR 557
MTH 252,OR 557
MTH 252H,OR 557
ST 201,FOR 331
ST 351,FOR 331
BI 204,FOR 413
BI 212,FOR 413
BI 212H,FOR 413
BI 213,FOR 413
BI 213H,FOR 413
SOIL 205,FOR 417
OR 558,FOR 417
OR 561,FOR 417
CH 201,OR 558
OR 560,OR 558
OR 140,OR 558
MTH 241,OR 561
MTH 251,OR 561
MTH 251H,OR 561
MTH 252,OR 561
MTH 252H,OR 561
OR 562,FOR 429
FOR 321,FOR 429
FOR 240,OR 562
FES 240,OR 562
AEC 351,FOR 431
AEC 352,FOR 431
FOR 330,FOR 431
ECON 352,FOR 431
OR 563,FOR 441
OR 564,FOR 441
FES 240,OR 563
FOR 240,OR 563
FES 141,OR 564
FES 241,OR 564
SOIL 205,FOR 442
OR 566,FOR 442
FOR 321,FOR 443
OR 566,FOR 443
AREC 351,FOR 457
FOR 330,FOR 457
FE 457,FOR 459
FOR 457,FOR 459
FE 459,FOR 469
FOR 459,FOR 469
ST 552,FOR 525
FR 111,FR 112
FR 112,FR 113
FR 113,FR 211
FR 211,FR 212
FR 212,FR 213
FR 311,FR 300
FR 213,FR 311
FR 311,FR 312
FR 312,FR 313
FR 213,FR 321
FR 213,FR 322
FR 213,FR 323
FR 211,FR 336
FR 311,FR 343
FR 313,FR 411
FR 313,FR 421
FR 313,FR 422
FR 313,FR 423
GEOG 102,GEOG 323
GEO 202,GEOG 323
GEO 102,GEOG 323
GEOG 102,GEOG 324
OR 567,GEOG 324
GEOG 105,GEOG 330
GEOG 106,GEOG 330
GEO 105,GEOG 330
GEO 106,GEOG 330
GEOG 360,GEOG 361
MTH 112,GEOG 361
OR 933,GEOG 361
GEOG 201,GEOG 370
GEO 301,GEOG 370
GEOG 201,GEOG 371
GEO 301,GEOG 371
MTH 251,GEOG 424
GEOG 360,GEOG 451
GEOG 560,GEOG 451
GEO 365,GEOG 451
GEO 465,GEOG 451
GEOG 361,GEOG 462
GEOG 561,GEOG 462
GEO 480,GEOG 462
GEOG 462,GEOG 463
GEOG 562,GEOG 463
GEO 578,GEOG 463
GEOG 360,GEOG 464
GEOG 560,GEOG 464
GEO 365,GEOG 464
GEO 465,GEOG 464
GEOG 370,GEOG 472
GEOG 371,GEOG 472
GEO 360,GEOG 472
GEOG 201,GEOG 480
GEO 301,GEOG 480
OR 569,GEOG 481
OR 570,GEOG 481
GEOG 480,OR 569
GEOG 580,OR 569
GEO 444,OR 569
GEO 544,OR 569
ST 202,OR 570
ST 352,OR 570
GEOG 295,GEOG 495
GEO 295,GEOG 495
GEOG 360,GEOG 551
GEOG 560,GEOG 551
GEOG 560,GEOG 561
GEOG 361,GEOG 562
GEOG 561,GEOG 562
GEOG 462,GEOG 563
GEOG 562,GEOG 563
GEOG 360,GEOG 564
GEOG 560,GEOG 564
GEOG 580,GEOG 581
GPH 630,GPH 632
GEO 201,GEO 295
WR 121,GEO 309
WR 121H,GEO 309
OR 571,GEO 310
OR 572,GEO 310
GEO 201,OR 571
GEO 221,OR 571
OR 573,OR 572
CH 121,OR 573
OR 575,OR 573
OR 480,OR 573
CH 231H,OR 575
CH 261H,OR 575
GEO 310,GEO 315
OR 576,GEO 322
OR 494,GEO 322
OR 578,GEO 322
GEO 102,OR 576
GEO 102H,OR 576
GEO 202,OR 576
GEO 201,GEO 340
GEO 201,GEO 370
GEO 203,GEO 370
GEO 315,GEO 412
GEO 201,GEO 415
GEO 310,GEO 415
GEO 315,GEO 415
GEO 315,GEO 427
GEO 315,GEO 430
OR 579,GEO 430
OR 581,OR 579
OR 594,OR 579
OR 585,OR 581
OR 560,OR 581
OR 93,OR 581
OR 140,OR 581
CH 262,OR 585
CH 262H,OR 585
OR 586,GEO 431
OR 587,GEO 431
CH 121,OR 586
CH 122,OR 586
CH 123,OR 586
OR 93,OR 587
OR 140,OR 587
OR 590,OR 587
GEO 322,GEO 433
OR 124,GEO 433
OR 766,GEO 433
GEO 315,GEO 440
GEO 340,GEO 461
MTH 111,GEO 484
OR 593,GEO 484
OR 595,OR 593
OR 594,OR 593
CH 231,OR 595
CH 261,OR 595
CH 232,OR 595
CH 262,OR 595
OR 596,GEO 486
OR 597,GEO 486
GEO 202,OR 596
GEO 203,OR 596
CH 122,OR 597
CH 222,OR 597
OR 92,OR 597
MTH 252,GEO 487
MTH 252H,GEO 487
GEO 295,GEO 495
GEO 315,GEO 495
GEO 340,GEO 495
GEO 370,GEO 495
GEO 530,GEO 535
GER 111,GER 112
GER 112,GER 113
GER 113,GER 211
GER 211,GER 212
GER 212,GER 213
GER 213,GER 311
GER 213,GER 312
GER 213,GER 313
GER 213,GER 332
GER 312,GER 355
GER 313,GER 411
GER 411,GER 412
GER 412,GER 413
GRAD 570,GRAD 571
GRAD 560,GRAD 607
GRAD 561,GRAD 607
GRAD 560,GRAD 610
GRAD 561,GRAD 610
ART 101,GD 126
ART 115,GD 126
ART 121,GD 126
ART 131,GD 126
GD 200,GD 220
GD 126,GD 224
GD 226,GD 224
GD 228,GD 224
GD 126,GD 226
GD 126,GD 228
GD 126,GD 269
GD 126,GD 312
GD 126,GD 326
GD 126,GD 327
GD 126,GD 328
GD 420,GD 419
GD 126,GD 420
GD 126,GD 424
GD 126,GD 427
GD 426,GD 427
GD 230,GD 430
HHS 513,HHS 514
HHS 514,HHS 517
HHS 514,HHS 578
HHS 575,HHS 579
HHS 578,HHS 579
H 575,HHS 580
H 576,HHS 580
HHS 514,HHS 584
HHS 514,HHS 590
HEBR 111,HEBR 112
HEBR 111,HEBR 113
HEBR 112,HEBR 113
HEBR 113,HEBR 211
HEBR 211,HEBR 212
HEBR 212,HEBR 213
HST 103,HST 426
WR 121,HC 199
WR 121H,HC 199
HORT 270,HORT 271
HORT 271,HORT 272
HORT 272,HORT 273
HORT 273,HORT 274
HORT 274,HORT 275
HORT 280,HORT 275
HORT 212,HORT 306
CROP 355,HORT 306
HORT 301,HORT 310
CSS 205,HORT 316
CSS 305,HORT 316
SOIL 205,HORT 316
BOT 350,HORT 344
ENT 311,HORT 344
CSS 305,HORT 360
SOIL 205,HORT 360
OR 601,HORT 360
SOIL 205,OR 601
BI 102,HORT 433
BI 213,HORT 433
BI 311,HORT 433
HORT 430,HORT 433
CSS 430,HORT 433
HORT 450,HORT 433
CSS 450,HORT 433
PBG 450,HORT 433
HORT 301,HORT 453
HORT 301,HORT 454
HORT 301,HORT 456
HORT 301,HORT 481
HORT 212,HORT 482
CROP 355,HORT 482
HORT 306,HORT 482
HORT 307,HORT 482
HORT 308,HORT 482
HORT 344,HORT 482
SOIL 360,HORT 482
HORT 285,HORT 485
HM 101,HM 210
HM 101,HM 230
HM 310,HM 410
HDFS 107,HDFS 209
HDFS 262,HDFS 310
HDFS 311,HDFS 330
OR 602,HDFS 331
HDFS 330,HDFS 331
OR H,OR 602
DFS 311,OR 602
HDFS 211,OR 602
HDFS 107,HDFS 410
HDFS 209,HDFS 410
HDFS 462,HDFS 410
HDFS 330,HDFS 430
HDFS 311,HDFS 431
HDFS 313,HDFS 431
HDFS 311,HDFS 433
HDFS 330,HDFS 433
HDFS 331,HDFS 433
HDFS 360,HDFS 461
HDFS 361,HDFS 461
HDFS 262,HDFS 462
HDFS 310,HDFS 462
HDFS 529,HDFS 531
HDFS 531,HDFS 532
HDFS 531,HDFS 534
HDFS 538,HDFS 539
HDFS 532,HDFS 630
ENGR 112,IE 212
MTH 252,IE 255
IE 112,IE 285
FOR 112,IE 285
IE 255,IE 355
ST 314,IE 355
IE 255,IE 356
ST 314,IE 356
PH 212,IE 366
PH 213,IE 366
OR 603,IE 366
IE 255,IE 367
ST 314,IE 367
ENGR 248,IE 368
OR 603,IE 368
IE 212,IE 411
IE 212,IE 412
IE 112,IE 415
OR 603,IE 415
IE 212,IE 418
IE 418,IE 419
OR 607,IE 425
OR 603,IE 425
MTH 306,OR 607
MTH 341,OR 607
IE 425,IE 426
OR 603,IE 426
ENGR 390,IE 470
IE 355,IE 470
IE 366,IE 470
IE 367,IE 470
IE 368,IE 470
ENGR 390,IE 471
IE 355,IE 471
IE 366,IE 471
IE 367,IE 471
IE 368,IE 471
ENGR 390,IE 475
IE 355,IE 475
IE 366,IE 475
IE 367,IE 475
IE 368,IE 475
IE 518,IE 519
IE 521,IE 523
IE 552,IE 553
IE 582,IE 581
IE 582,IE 583
IE 582,IE 584
IE 582,IE 585
IE 582,IE 587
IE 581,IE 588
IE 582,IE 588
IE 583,IE 588
IE 581,IE 590
IE 582,IE 590
IE 583,IE 590
IE 582,IE 591
IEPA 002,IEPA 011NC
IEPA 007,IEPA 014NC
IEPA 009,IEPA 018NC
IEPA 011,IEPA 021NC
IEPA 014,IEPA 024NC
IEPA 018,IEPA 028NC
IEPA 021,IEPA 031NC
IEPA 024,IEPA 034NC
IEPA 028,IEPA 038NC
IEPA 031,IEPA 041NC
IEPA 034,IEPA 044NC
IEPA 038,IEPA 048NC
OR 609,IEPA 050NC
IEPA 044,OR 609
IEPA 048,OR 609
IEPA 041,IEPA 051NC
IEPA 050,IEPA 060NC
IEPA 051,IEPA 061NC
OR 610,IEPG 010NC
OR 612,IEPG 010NC
IEPH 010,OR 610
OR 630,OR 610
IEPG 011,OR 612
OR 613,OR 612
IEPG 021,OR 613
IEPG 017,OR 613
OR 614,IEPG 011NC
OR 617,IEPG 011NC
OR 616,IEPG 011NC
IEPH 011,OR 614
OR 634,OR 614
IEPG 017,OR 617
IEPG 027,OR 617
OR 619,IEPG 017NC
OR 616,IEPG 017NC
IEPG 011,OR 619
IEPG 021,OR 619
OR 620,IEPG 020NC
IEPH 020,IEPG 020NC
IEPG 010,OR 620
IEPH 010,OR 620
OR 621,IEPG 021NC
IEPH 021,IEPG 021NC
IEPG 011,OR 621
IEPH 011,OR 621
OR 622,IEPG 027NC
IEPH 027,IEPG 027NC
IEPG 017,OR 622
IEPH 017,OR 622
OR 623,IEPG 030NC
IEPH 030,IEPG 030NC
IEPG 020,OR 623
IEPH 020,OR 623
OR 624,IEPG 031NC
IEPH 031,IEPG 031NC
IEPG 021,OR 624
IEPH 021,OR 624
OR 625,IEPG 037NC
IEPH 037,IEPG 037NC
IEPG 027,OR 625
IEPH 027,OR 625
OR 626,IEPG 040NC
IEPH 040,IEPG 040NC
IEPG 030,OR 626
IEPH 030,OR 626
OR 627,IEPG 041NC
IEPH 041,IEPG 041NC
IEPG 031,OR 627
IEPH 031,OR 627
OR 628,IEPG 051NC
IEPH 051,IEPG 051NC
IEPG 041,OR 628
IEPH 041,OR 628
OR 629,IEPH 010NC
OR 631,IEPH 010NC
IEPG 010,OR 629
OR 630,OR 629
IEPH 011,OR 631
OR 632,OR 631
IEPH 017,OR 632
IEPH 021,OR 632
OR 633,IEPH 011NC
OR 636,IEPH 011NC
OR 637,IEPH 011NC
IEPG 011,OR 633
OR 634,OR 633
IEPG 017,OR 636
IEPH 027,OR 636
OR 638,IEPH 017NC
OR 637,IEPH 017NC
IEPH 011,OR 638
IEPH 021,OR 638
OR 639,IEPH 020NC
IEPG 020,IEPH 020NC
IEPG 010,OR 639
IEPH 010,OR 639
OR 640,IEPH 021NC
IEPG 021,IEPH 021NC
IEPG 011,OR 640
IEPH 011,OR 640
OR 641,IEPH 027NC
IEPG 027,IEPH 027NC
IEPG 017,OR 641
IEPH 017,OR 641
OR 642,IEPH 030NC
IEPG 030,IEPH 030NC
IEPG 020,OR 642
IEPH 020,OR 642
OR 643,IEPH 031NC
IEPG 031,IEPH 031NC
IEPG 021,OR 643
IEPH 021,OR 643
OR 644,IEPH 037NC
IEPG 037,IEPH 037NC
IEPG 027,OR 644
IEPH 027,OR 644
OR 645,IEPH 040NC
IEPG 040,IEPH 040NC
IEPG 030,OR 645
IEPH 030,OR 645
OR 646,IEPH 041NC
IEPG 041,IEPH 041NC
IEPG 031,OR 646
IEPH 031,OR 646
OR 647,IEPH 050NC
IEPG 050,IEPH 050NC
IEPG 040,OR 647
IEPH 040,OR 647
OR 648,IEPH 051NC
IEPG 051,IEPH 051NC
IEPG 041,OR 648
IEPH 041,OR 648
IT 111,IT 112
IT 112,IT 113
IT 113,IT 211
IT 211,IT 212
IT 212,IT 213
JPN 111,JPN 112
JPN 112,JPN 113
JPN 113,JPN 211
JPN 211,JPN 212
JPN 212,JPN 213
JPN 213,JPN 311
JPN 311,JPN 312
JPN 313,JPN 411
JPN 411,JPN 412
JPN 412,JPN 413
OR 649,KIN 232
PAC 301,KIN 232
PAC 303,KIN 232
PAC 329,KIN 232
EXSS 230,OR 649
KIN 230,OR 649
EXSS 232,KIN 233
KIN 232,KIN 233
BI 232,KIN 311
BI 332,KIN 311
OR 650,KIN 321
OR 653,KIN 321
OR 227,OR 650
OR 228,OR 650
MTH 112,OR 653
MTH 251,OR 653
OR 656,KIN 324
OR 657,KIN 324
OR 658,KIN 324
OR 670,KIN 324
OR 674,KIN 324
CH 121,OR 656
CH 231,OR 656
CH 231H,OR 656
CH 122,OR 657
CH 232,OR 657
CH 232H,OR 657
CH 123,OR 658
CH 233,OR 658
CH 233H,OR 658
CH 130,OR 658
KIN 324,KIN 325
EXSS 324,KIN 325
KIN 333,KIN 334
KIN 324,KIN 341
NUTR 240,KIN 341
OR 659,KIN 343
BI 231,KIN 343
BI 232,KIN 343
BI 233,KIN 343
BI 241,KIN 343
BI 242,KIN 343
BI 243,KIN 343
KIN 132,OR 659
BI 109,OR 659
KIN 132,KIN 344
BI 231,KIN 344
BI 232,KIN 344
BI 233,KIN 344
BI 241,KIN 344
BI 242,KIN 344
BI 243,KIN 344
KIN 321,KIN 385
EXSS 321,KIN 385
KIN 324,KIN 394
KIN 325,KIN 394
OR 660,KIN 395
OR 665,KIN 395
KIN 311,KIN 411
KIN 311,KIN 422
EXSS 311,KIN 422
OR 662,KIN 423
OR 663,KIN 423
KIN 311,OR 662
EXSS 311,OR 662
KIN 321,OR 663
EXSS 321,OR 663
EXSS 321,KIN 425
KIN 321,KIN 425
KIN 324,KIN 434
EXSS 324,KIN 434
KIN 370,KIN 435
OR 660,KIN 437
OR 665,KIN 437
OR 666,KIN 444
KIN 314,OR 666
EXSS 314,OR 666
OR 660,KIN 474
OR 665,KIN 474
OR 669,KIN 475
KIN 312,OR 669
EXSS 312,OR 669
OR 671,KIN 483
OR 672,KIN 483
OR 676,KIN 483
OR 675,KIN 483
OR 911,KIN 483
OR 670,KIN 483
OR 674,KIN 483
BI 241,OR 671
BI 341,OR 671
BI 232,OR 672
BI 332,OR 672
OR 677,OR 676
Z 332,OR 677
Z 333,OR 677
Z 341,OR 677
Z 342,OR 677
Z 343,OR 677
KIN 325,KIN 490
MTH 112,KIN 490
KIN 511,KIN 520
KIN 511,KIN 521
KIN 520,KIN 522
KIN 521,KIN 522
KIN 510,KIN 564
KIN 511,KIN 565
KIN 565,KIN 566
KIN 566,KIN 567
KIN 522,KIN 568
KIN 521,KIN 569
KIN 511,KIN 584
KIN 586,KIN 585
KIN 584,KIN 586
KOR 111,KOR 112
KOR 112,KOR 113
KOR 113,KOR 211
KOR 211,KOR 212
KOR 212,KOR 213
BA 351,MGMT 364
BA 352,MGMT 364
BA 352H,MGMT 364
BA 352,MGMT 446
BA 352H,MGMT 446
BA 352,MGMT 448
BA 352H,MGMT 448
BA 352,MGMT 449
BA 351,MGMT 452
BA 352,MGMT 452
BA 352H,MGMT 452
BA 351,MGMT 453
BA 352,MGMT 453
BA 352H,MGMT 453
BA 352,MGMT 455
BA 352H,MGMT 455
MGMT 364,MGMT 456
BA 364,MGMT 456
BA 357,MGMT 457
BA 357H,MGMT 457
OR 678,MGMT 459
BA 474,MGMT 477
BA 475,MGMT 477
BA 516,MGMT 555
BA 550,MGMT 571
BA 550,MGMT 572
BA 562,MGMT 575
MGMT 575,MGMT 576
IE 112,MFGE 285
FOR 112,MFGE 285
ENGR 248,MFGE 336
ME 250,MFGE 336
OR 682,MFGE 336
OR 679,MFGE 336
OR 681,MFGE 337
ME 250,OR 681
MFGE 336,OR 681
OR 682,OR 681
ENGR 390,MFGE 436
ENGR 391,MFGE 436
OR 683,MFGE 437
OR 853,MFGE 437
ME 317,OR 683
ME 317H,OR 683
MFGE 336,OR 683
ENGR 213,MFGE 438
ENGR 213H,MFGE 438
BA 223,MRKT 390
BA 223H,MRKT 390
BA 390,MRKT 390
BA 390H,MRKT 390
OR 685,MRKT 396
OR 310,MRKT 396
BA 275,OR 685
BA 275H,OR 685
BA 276,OR 685
ST 202,OR 685
BA 474,MRKT 477
BA 475,MRKT 477
BA 223,MRKT 484
BA 223H,MRKT 484
BA 390,MRKT 484
BA 390H,MRKT 484
MRKT 390,MRKT 484
BA 223,MRKT 485
BA 223H,MRKT 485
BA 390,MRKT 485
BA 390H,MRKT 485
MRKT 390,MRKT 485
BA 396,MRKT 486
MRKT 396,MRKT 486
BA 223,MRKT 488
BA 223H,MRKT 488
BA 390,MRKT 488
BA 390H,MRKT 488
MRKT 390,MRKT 488
BA 223,MRKT 489
BA 223H,MRKT 489
BA 390,MRKT 489
BA 390H,MRKT 489
MRKT 390,MRKT 489
BA 223,MRKT 491
BA 223H,MRKT 491
BA 390,MRKT 491
BA 390H,MRKT 491
MRKT 390,MRKT 491
BA 223,MRKT 492
BA 223H,MRKT 492
BA 390,MRKT 492
BA 390H,MRKT 492
MRKT 390,MRKT 492
BA 223,MRKT 493
BA 223H,MRKT 493
BA 390,MRKT 493
BA 390H,MRKT 493
MRKT 390,MRKT 493
BA 390,MRKT 495
BA 390H,MRKT 495
MRKT 396,MRKT 496
BA 396,MRKT 496
OR 687,MRKT 497
OR 688,MRKT 497
BA 347,OR 687
BA 347H,OR 687
BA 390,OR 688
BA 390H,OR 688
BA 223,MRKT 498
BA 223H,MRKT 498
BA 390,MRKT 498
BA 390H,MRKT 498
MRKT 390,MRKT 498
MRKT 396,MRKT 499
BA 396,MRKT 499
BA 596,MRKT 581
MRKT 596,MRKT 581
BA 596,MRKT 582
MRKT 596,MRKT 582
BA 516,MRKT 584
BA 516,MRKT 585
BA 516,MRKT 586
BA 590,MRKT 587
MRKT 592,MRKT 587
BA 516,MRKT 592
BA 516,MRKT 593
MNR 511,MNR 560
CH 202,MATS 321
CH 222,MATS 321
CH 232,MATS 321
CH 232H,MATS 321
CH 224H,MATS 321
CH 202,MATS 321H
CH 222,MATS 321H
CH 232,MATS 321H
CH 232H,MATS 321H
CH 224H,MATS 321H
OR 690,MATS 322
OR 679,MATS 322
OR 691,MATS 445
MATS 570,MATS 445
MATS 321,OR 691
ENGR 321,OR 691
ENGR 321H,OR 691
OR 692,MATS 455
ENGR 321,OR 692
ENGR 321H,OR 692
OR 695,MATS 478
OR 690,MATS 478
OR 788,MATS 478
ENGR 322,OR 695
MATS 322,OR 695
ME 570,MATS 555
MTH 065,MTH 095
MTH 065,MTH 103
MTH 095,MTH 111
MTH 103,MTH 111
MTH 111,MTH 112
MTH 111,MTH 150X
MTH 095,MTH 211
MTH 103,MTH 211
MTH 111,MTH 211
MTH 112,MTH 211
MTH 211,MTH 212
MTH 112,MTH 227
MTH 150,MTH 227
MTH 227,MTH 228
MTH 227,MTH 228
MTH 112,MTH 231
MTH 112,MTH 231H
MTH 111,MTH 241
MTH 111,MTH 245
MTH 112,MTH 251
MTH 150,MTH 251
MTH 112,MTH 251H
MTH 150,MTH 251H
MTH 251,MTH 252
MTH 251H,MTH 252
MTH 251,MTH 252H
MTH 251H,MTH 252H
MTH 252,MTH 253
MTH 252H,MTH 253
MTH 252,MTH 254
MTH 252H,MTH 254
MTH 252,MTH 254H
MTH 252H,MTH 254H
MTH 254,MTH 255
MTH 254H,MTH 255
MTH 254,MTH 255H
MTH 254H,MTH 255H
MTH 254,MTH 256
MTH 254H,MTH 256
MTH 254,MTH 256H
MTH 254H,MTH 256H
MTH 252,MTH 264
MTH 252H,MTH 264
MTH 252,MTH 264H
MTH 252H,MTH 264H
MTH 252,MTH 265
MTH 252H,MTH 265
MTH 252,MTH 265H
MTH 252H,MTH 265H
MTH 252,MTH 306
MTH 252H,MTH 306
MTH 252,MTH 306H
MTH 252H,MTH 306H
MTH 355,MTH 311
OR 72,MTH 311
MTH 311,MTH 312
MTH 341,MTH 321
OR 697,MTH 321
OR 700,MTH 321
MTH 264,OR 697
MTH 264H,OR 697
MTH 341,MTH 323
OR 328,MTH 323
MTH 341,MTH 333
MTH 355,MTH 333
MTH 252,MTH 338
MTH 252H,MTH 338
MTH 254,MTH 341
MTH 254H,MTH 341
MTH 341,MTH 342
MTH 341,MTH 343
MTH 355,MTH 343
MTH 253,MTH 351
MTH 306,MTH 351
MTH 306H,MTH 351
MTH 253,MTH 355
MTH 253,MTH 361
OR 701,MTH 361
OR 700,MTH 361
MTH 265,OR 701
MTH 265H,OR 701
MTH 211,MTH 390
MTH 212,MTH 390
MTH 312,MTH 411
MTH 341,MTH 411
MTH 411,MTH 412
MTH 511,MTH 412
MTH 412,MTH 413
MTH 512,MTH 413
MTH 312,MTH 419
MTH 341,MTH 420
OR 328,MTH 420
MTH 341,MTH 427
OR 328,MTH 427
MTH 341,MTH 428
OR 704,MTH 428
MTH 361,OR 704
MTH 463,OR 704
MTH 563,OR 704
MTH 311,MTH 430
MTH 342,MTH 434
OR 705,MTH 434
MTH 434,MTH 435
MTH 534,MTH 435
OR 706,MTH 437
MTH 434,OR 706
MTH 534,OR 706
MTH 231,MTH 440
MTH 343,MTH 440
MTH 355,MTH 440
MTH 343,MTH 441
OR 707,MTH 441
MTH 342,OR 707
MTH 440,OR 707
MTH 540,OR 707
MTH 441,MTH 442
MTH 541,MTH 442
MTH 342,MTH 443
MTH 343,MTH 443
MTH 341,MTH 451
OR 442,MTH 452
OR 328,MTH 452
MTH 452,MTH 453
MTH 552,MTH 453
MTH 311,MTH 463
OR 710,MTH 464
MTH 341,MTH 464
MTH 463,OR 710
MTH 563,OR 710
MTH 464,MTH 465
MTH 564,MTH 465
MTH 463,MTH 467
MTH 563,MTH 467
ST 421,MTH 467
MTH 341,MTH 480
OR 328,MTH 480
OR 713,MTH 481
OR 328,MTH 481
OR 714,OR 713
OR 700,OR 713
OR 715,OR 714
MTH 341,OR 714
MTH 253,OR 715
MTH 253H,OR 715
MTH 480,MTH 482
MTH 481,MTH 482
MTH 581,MTH 482
OR 718,MTH 483
OR 328,MTH 483
MTH 253,OR 718
MTH 306,OR 718
MTH 306H,OR 718
MTH 341,MTH 491
MTH 491,MTH 492
MTH 591,MTH 492
MTH 492,MTH 493
MTH 592,MTH 493
MTH 511,MTH 512
MTH 512,MTH 513
MTH 434,MTH 537
MTH 534,MTH 537
MTH 621,MTH 622
MTH 621,MTH 623
MTH 622,MTH 623
OR 719,MIME 497
OR 720,MIME 497
IE 355,OR 719
IE 356,OR 719
IE 366,OR 719
IE 367,OR 719
IE 368,OR 719
WR 327,OR 719
MATS 322,OR 720
OR 721,OR 720
ME 250,OR 720
OR 724,OR 720
WR 327,OR 720
OR 493,OR 720
OR 789,OR 720
OR 722,OR 720
ENGR 391,OR 721
ENGR 391H,OR 721
ME 383,OR 724
ME 383H,OR 724
MIME 497,MIME 498
ESE 497,MIME 498
ENGR 248,ME 250
OR 766,ME 250
OR 853,ME 311
OR 328,ME 311
OR 853,ME 311H
OR 328,ME 311H
OR 732,ME 312
OR 328,ME 312
OR 732,ME 312H
OR 328,ME 312H
OR 679,ME 316
OR 328,ME 316
OR 853,ME 317
OR 328,ME 317
OR 739,ME 317H
OR 853,OR 739
OR 328,OR 739
OR 742,ME 331
OR 746,OR 742
OR 853,OR 742
OR 72,OR 742
OR 328,OR 742
OR 747,ME 331H
OR 746,OR 747
OR 853,OR 747
OR 72,OR 747
OR 328,OR 747
OR 757,ME 332
OR 757,ME 332H
ENGR 248,ME 348
MTH 341,ME 373
OR 764,ME 373
OR 328,ME 373
MTH 341,ME 373H
OR 764,ME 373H
OR 328,ME 373H
ENGR 248,ME 382
ME 250,ME 382
OR 766,ME 382
ENGR 248,ME 382H
ME 250,ME 382H
OR 766,ME 382H
ME 316,ME 383
ME 250,ME 383
ENGR 213,ME 383
OR 853,ME 383
ME 316,ME 383H
ME 250,ME 383H
OR 769,ME 411
ME 316,OR 769
OR 799,OR 769
OR 790,OR 769
OR 789,OR 769
ME 383,ME 412
OR 789,ME 412
ME 382,ME 413
ME 382H,ME 413
IE 366,ME 413
ME 316,ME 420
ME 317,ME 422
ME 317H,ME 422
ME 317,ME 422H
ME 317H,ME 422H
ME 420,ME 424
ME 520,ME 424
OR 777,ME 430
OR 777,ME 430H
OR 781,ME 443
OR 782,ME 443
OR 780,ME 443
ME 331,OR 781
ME 331H,OR 781
NE 331,OR 781
NE 331H,OR 781
ME 332,OR 782
ME 332H,OR 782
NE 332,OR 782
NE 332H,OR 782
OR 783,ME 444
OR 784,ME 444
ME 332,OR 783
ME 332H,OR 783
NSE 332,OR 783
NSE 332H,OR 783
ME 312,OR 784
ME 312H,OR 784
NSE 312,OR 784
NSE 312H,OR 784
OR 797,ME 445
OR 722,ME 445
ME 332,ME 450
ME 332H,ME 450
ME 316,ME 451
OR 493,ME 451
OR 499,ME 451
OR 790,ME 451
OR 788,ME 451
OR 789,ME 451
OR 797,ME 452
OR 799,ME 452
OR 788,ME 452
OR 797,ME 452H
OR 799,ME 452H
OR 788,ME 452H
ME 451,ME 453
ME 331,ME 460
ME 331H,ME 460
OR 799,ME 461
OR 722,ME 461
MATS 322,ME 480
ENGR 322,ME 480
MATS 322,ME 484
ENGR 322,ME 484
ME 520,ME 524
ME 531,ME 532
ME 533,ME 534
ME 560,ME 564
OR 800,ME 564
ME 565,OR 800
ME 566,OR 800
ME 560,ME 568
ME 570,ME 585
MATS 570,ME 585
ME 517,ME 615
ME 517,ME 617
OR 801,ME 667
OR 802,ME 667
ME 560,OR 801
ME 565,OR 801
ME 566,OR 801
ME 526,OR 802
ME 575,OR 802
OR 803,MB 302
OR 804,MB 302
CH 332,OR 803
CH 335,OR 803
OR 993,OR 804
OR 108,OR 804
MB 302,MB 303
MB 302,MB 310
OR 811,MB 310
OR 103,MB 310
OR 835,MB 310
BB 451,OR 811
BB 491,OR 811
MB 310,MB 311
OR 812,MB 311
MB 310,MB 312
BB 451,MB 312
OR 813,MB 314
OR 814,MB 314
OR 815,MB 314
CH 231,OR 813
CH 231H,OR 813
CH 121,OR 813
CH 232,OR 814
CH 232H,OR 814
CH 122,OR 814
CH 233,OR 815
CH 233H,OR 815
CH 123,OR 815
OR 183,MB 320
OR 816,MB 320
OR 822,MB 340
OR 816,MB 340
BI 213,MB 385
OR 825,MB 385
OR 1029,MB 385
OR 995,MB 385
BI 213H,OR 825
BB 450,MB 416
BB 490,MB 416
MB 416,MB 417
OR 812,MB 417
BB 451,MB 420
MB 303,MB 422
MB 314,MB 422
MB 302,MB 430
MB 310,MB 430
OR 827,MB 430
OR 828,MB 434
OR 831,MB 434
OR 829,OR 828
OR 830,OR 828
BB 450,OR 829
BB 450H,OR 829
BB 490,OR 831
BB 491,OR 831
BB 492,OR 831
MB 302,MB 435
OR 833,MB 435
OR 812,MB 435
MB 430,OR 833
MB 434,OR 833
BI 314,MB 436
BB 314,MB 436
BI 314H,MB 436
MB 302,MB 436
MB 302,MB 440
MB 440,MB 441
OR 812,MB 441
MB 302,MB 448
MB 302,MB 456
OR 837,MB 456
OR 835,MB 456
OR 827,MB 456
MB 310,OR 837
BB 492,OR 837
CH 331,MB 479
CH 332,MB 479
MB 302,MB 479
OR 839,MB 479
OR 1029,MB 479
MB 302,MB 490
MB 540,MB 541
MS 311,MS 314
MS 312,MS 314
MS 313,MS 314
BB 451,MCB 662
BB 551,MCB 662
BB 492,MCB 662
BB 592,MCB 662
MUS 111,MUS 112
MUS 111,MUS 113
MUS 171,MUS 172
MUS 172,MUS 173
MUS 186,MUS 187
MUS 111,MUS 190
MUS 201,MUS 202
MUS 201,MUS 203
MUS 201,MUS 204
MUS 271,MUS 272
MUS 272,MUS 273
MUS 123,MUS 301
MUS 123,MUS 302
MUS 123,MUS 303
MUS 123,MUS 304
MUS 112,MUS 311
MUS 213,MUS 313
MUS 123,MUS 324
MUS 123,MUS 325
MUS 123,MUS 326
MUS 123,MUS 330
MUP 291,MUS 341
MUS 371,MUS 372
MUS 372,MUS 373
MUS 325,MUS 400
MUS 445,MUS 446
MUS 446,MUS 447
MUS 495,MUS 496
MUS 121,MUED 100
MUED 100,MUED 201
MUED 100,MUED 202
MUED 100,MUED 275
MUED 100,MUED 276
MUED 100,MUED 350
MUS 121,MUED 353
MUED 100,MUED 375
MUED 100,MUED 376
MUED 100,MUED 391
MUED 100,MUED 392
MUED 326,MUED 450
MUED 121,MUED 469
MUED 353,MUED 473
MUED 473,MUED 474
MUED 473,MUED 475
MUED 100,MUED 480
MTH 111,NR 325
FES 485,NR 455
OR 840,NR 455
BI 371,OR 840
BI 373,OR 840
ENSC 479,OR 840
FE 460,OR 840
FES 486,OR 840
FOR 460,OR 840
FW 435,OR 840
FW 439,OR 840
FW 454,OR 840
FW 497,OR 840
GEOG 323,OR 840
HORT 318,OR 840
SOIL 395,OR 840
WR 462,OR 840
NS 112,NS 113
NS 111,NS 212
NS 311,NS 313
NS 322,NS 323
NS 111,NS 411
NS 211,NS 413
NS 321,NS 421
NMC 101,NMC 240
NMC 101,NMC 241
NMC 101,NMC 255
NMC 101,NMC 260
NMC 101,NMC 320
NMC 260,NMC 320
NMC 260,NMC 321
NMC 101,NMC 322
NMC 260,NMC 322
NMC 301,NMC 330
NMC 240,NMC 340
NMC 260,NMC 340
NMC 101,NMC 341
NMC 260,NMC 341
ART 222,NMC 349
ART 263,NMC 349
NMC 101,NMC 351
NMC 255,NMC 355
NMC 260,NMC 355
NMC 255,NMC 356
NMC 260,NMC 380
NMC 380,NMC 383
NMC 101,NMC 385
NMC 241,NMC 385
NMC 260,NMC 385
NMC 380,NMC 385
NMC 260,NMC 392
NMC 260,NMC 393
NMC 301,NMC 421
NMC 101,NMC 425
NMC 301,NMC 430
NMC 301,NMC 435
NMC 301,NMC 437
NMC 301,NMC 440
NMC 301,NMC 441
NMC 260,NMC 461
NMC 301,NMC 461
NMC 260,NMC 462
NMC 301,NMC 462
NMC 301,NMC 470
NMC 301,NMC 471
NMC 101,NMC 481
NMC 241,NMC 481
NMC 260,NMC 481
NMC 380,NMC 481
NMC 383,NMC 482
NMC 101,NMC 487
NMC 483,NMC 487
NMC 301,NMC 490
NMC 301,NMC 493
NMC 101,NMC 498
NMC 301,NMC 498
MTH 256,NSE 233
MTH 256H,NSE 233
MTH 251,NSE 234
MTH 251H,NSE 234
OR 841,NSE 235
OR 497,NSE 235
NSE 235,NSE 236
NE 235,NSE 236
RHP 235,NSE 236
OR 844,NSE 311
OR 853,NSE 311
MTH 256,OR 844
OR 853,NSE 311H
OR 328,NSE 311H
OR 847,NSE 312
OR 328,NSE 312
NSE 311,OR 847
NSE 311H,OR 847
NE 311,OR 847
ME 311,OR 847
ME 311H,OR 847
OR 849,NSE 312H
OR 328,NSE 312H
OR 854,NSE 331
OR 853,NSE 331
OR 72,NSE 331
OR 328,NSE 331
OR 854,NSE 331H
OR 853,NSE 331H
OR 72,NSE 331H
OR 328,NSE 331H
OR 849,NSE 332
OR 853,NSE 332
OR 756,NSE 332
OR 328,NSE 332
OR 849,NSE 332H
OR 853,NSE 332H
OR 756,NSE 332H
OR 328,NSE 332H
NSE 236,NSE 415
OR 869,NSE 435
OR 841,NSE 435
OR 871,NSE 435
NSE 481,OR 869
NE 481,OR 869
RHP 481,OR 869
NSE 235,NSE 440
NE 235,NSE 440
RHP 235,NSE 440
OR 872,NSE 451
OR 871,NSE 451
OR 328,NSE 451
NSE 333,OR 872
NE 333,OR 872
RHP 333,OR 872
NSE 451,NSE 452
NE 451,NSE 452
OR 873,NSE 455
OR 328,NSE 455
NSE 236,OR 873
NE 236,OR 873
RHP 236,OR 873
NSE 455,NSE 456
NE 455,NSE 456
OR 875,NSE 457
OR 876,NSE 457
NSE 451,OR 875
NE 451,OR 875
NSE 551,OR 875
NE 551,OR 875
NSE 452,OR 876
NE 452,OR 876
NSE 552,OR 876
NE 552,OR 876
ME 332,NSE 467
ME 332H,NSE 467
NSE 332,NSE 467
NSE 332H,NSE 467
NE 332,NSE 467
NE 332H,NSE 467
NSE 452,NSE 473
NE 452,NSE 473
NSE 481,NSE 474
OR 877,NSE 475
OR 878,NSE 475
NSE 452,OR 877
NE 452,OR 877
NSE 474,OR 878
NE 474,OR 878
RHP 474,OR 878
NSE 235,NSE 481
NE 235,NSE 481
RHP 235,NSE 481
NSE 481,NSE 483
RHP 481,NSE 483
MP 481,NSE 483
NSE 481,NSE 488
RHP 481,NSE 488
NE 481,NSE 488
OR 882,NSE 516
OR 881,NSE 516
OR 882,NSE 517
OR 881,NSE 517
NSE 536,NSE 519
NE 536,NSE 519
RHP 536,NSE 519
NSE 536,NSE 533
NSE 531,NSE 536
NE 531,NSE 536
RHP 531,NSE 536
MP 531,NSE 536
NSE 536,NSE 537
NE 536,NSE 537
RHP 536,NSE 537
NSE 531,NSE 541
MP 531,NSE 541
RHP 531,NSE 541
NSE 531,NSE 542
PP 531,NSE 542
RHP 531,NSE 542
NSE 531,NSE 543
MP 531,NSE 543
RHP 531,NSE 543
OR 884,NSE 544
OR 883,NSE 544
NSE 531,OR 884
RHP 531,OR 884
OR 886,NSE 545
OR 883,NSE 545
NSE 531,OR 886
MP 531,OR 886
RHP 531,OR 886
NSE 551,NSE 552
NE 551,NSE 552
OR 888,NSE 553
OR 895,NSE 553
NSE 555,NSE 556
NE 555,NSE 556
OR 889,NSE 557
OR 888,NSE 557
NSE 551,OR 889
NE 550,OR 889
OR 891,NSE 561
OR 894,NSE 561
NSE 553,OR 891
NE 553,OR 891
NSE 531,NSE 562
MP 531,NSE 562
NE 531,NSE 562
RHP 531,NSE 562
NSE 562,NSE 563
MP 562,NSE 563
OR 894,NSE 568
OR 895,NSE 568
NSE 552,NSE 573
NE 552,NSE 573
OR 897,NSE 575
OR 888,NSE 575
OR 895,NSE 575
NSE 574,OR 897
NE 574,OR 897
OR 899,NSE 590
OR 881,NSE 590
NSE 535,OR 899
NE 535,OR 899
RHP 535,OR 899
OR 888,NSE 654
OR 895,NSE 654
NSE 567,NSE 667
NE 567,NSE 667
ST 201,NUR 414
NUR 413,NUR 416
NUR 416,NUR 417
NUR 413,NUR 422
CH 123,NUTR 235
CH 223,NUTR 235
OR 902,NUTR 235
OR 905,NUTR 240
CH 121,OR 905
CH 224H,OR 905
OR 906,OR 905
CH 221,OR 906
CH 231,OR 906
CH 231H,OR 906
NUTR 240,NUTR 241
NUTR 235,NUTR 311
NUTR 225,NUTR 312
NUTR 240,NUTR 312
NUTR 240,NUTR 319
NUTR 241,NUTR 319
OR 907,NUTR 325
NUTR 241,NUTR 325
NUTR 240,OR 907
NUTR 225,OR 907
KIN 324,NUTR 341
NUTR 240,NUTR 341
NUTR 235,NUTR 416
BB 350,NUTR 417
NUTR 417,NUTR 418
NUTR 325,NUTR 423
OR 908,NUTR 430
OR 910,NUTR 430
NUTR 417,NUTR 430
NUTR 439,NUTR 430
OR 675,NUTR 430
OR 911,NUTR 430
OR 674,NUTR 430
BB 350,OR 908
OR 909,OR 908
BB 450,OR 909
BB 451,OR 909
BI 233,OR 910
BI 332,OR 910
NUTR 430,NUTR 431
NUTR 431,NUTR 432
NUTR 325,NUTR 439
NUTR 311,NUTR 446
NUTR 517,NUTR 518
OC 201,OC 295
OC 295,OC 296
OC 201,OC 334
OC 201,OC 440
OR 914,OC 449
OR 916,OC 449
OR 213,OC 449
MTH 252,OR 914
MTH 252H,OR 914
MTH 228,OR 914
OC 440,OR 916
BI 370,OR 916
BI 370H,OR 916
CH 122,OC 450
CH 232,OC 450
CH 232H,OC 450
OEAS 540,OC 521
CE 630,OC 631
OC 630,OC 631
OC 630,OC 634
CE 631,OC 634
OEAS 530,OC 646
OEAS 540,OC 646
OC 670,OC 671
OC 670,OC 672
OC 671,OC 672
OC 530,OC 673
OC 670,OC 673
ATS 515,OC 673
OC 670,OC 674
OC 670,OC 675
OC 670,OC 680
OC 670,OC 681
PHL 205,PHL 390
PAC 152,PAC 153
PAC 155,PAC 156
PAC 159,PAC 160
PAC 160,PAC 161
PAC 159,PAC 163
PAC 154,PAC 165
PAC 159,PAC 165
PAC 160,PAC 166
PAC 158,PAC 167
PAC 159,PAC 167
PAC 167,PAC 168
PAC 165,PAC 170
PAC 159,PAC 171
PAC 287,PAC 288
PAC 301,PAC 302
PAC 315,PAC 316
PAC 315,PAC 317
PAC 316,PAC 317
PAC 320,PAC 321
PAC 320,PAC 323
PAC 303,PAC 326
PH 211,PH 212
PH 211H,PH 212
PH 211,PH 212H
PH 211H,PH 212H
PH 213,PH 365
PH 213,PH 366
PH 213,PH 367
PBG 430,PBG 450
PBG 450,PBG 551
PBG 550,PBG 551
PBG 530,PBG 552
OR 917,PSY 298
MTH 105,PSY 298
ST 201,PSY 298
OR 919,PSY 298
OR 918,OR 917
PSY 201,OR 917
PSY 202,OR 918
PSY 202H,OR 918
PHL 121,OR 919
WR 222,OR 919
WR 327,OR 919
PSY 201,PSY 301
PSY 202,PSY 301
OR 213,PSY 301
PSY 201,PSY 330
PSY 202,PSY 330
PSY 201,PSY 340
PSY 202,PSY 340
PSY 201,PSY 340H
PSY 202,PSY 340H
PSY 201,PSY 350
PSY 202,PSY 350
PSY 201,PSY 360
PSY 202,PSY 360
PSY 201,PSY 360H
PSY 202,PSY 360H
PSY 201,PSY 370
PSY 202,PSY 370
PSY 201,PSY 381
PSY 202,PSY 381
PSY 202,PSY 426
PSY 330,PSY 432
PSY 301,PSY 434
PSY 330,PSY 434
PSY 301,PSY 437
OR 921,PSY 437
PSY 301,PSY 440
PSY 340,PSY 440
PSY 301,PSY 442
OR 921,PSY 442
PSY 301,PSY 444
PSY 340,PSY 444
PSY 301,PSY 448
PSY 340,PSY 448
PSY 350,PSY 454
PSY 350,PSY 456
PSY 350,PSY 458
PSY 301,PSY 460
PSY 360,PSY 460
PSY 340,PSY 463
PSY 360,PSY 464
WGSS 223,PSY 466
WGSS 223H,PSY 466
WGSS 224,PSY 466
WGSS 240,PSY 466
WGSS 262,PSY 466
WGSS 262H,PSY 466
WGSS 270,PSY 466
WGSS 280,PSY 466
WGSS 280H,PSY 466
WGSS 321,PSY 466
WGSS 325,PSY 466
WGSS 325H,PSY 466
WGSS 340,PSY 466
WGSS 340H,PSY 466
WGSS 350,PSY 466
WGSS 360,PSY 466
WGSS 360H,PSY 466
WGSS 364,PSY 466
WGSS 364H,PSY 466
WGSS 373,PSY 466
WGSS 375,PSY 466
WGSS 380,PSY 466
WGSS 380H,PSY 466
PSY 360,PSY 467
PSY 360,PSY 468
PSY 301,PSY 470
OR 923,PSY 470
PSY 340,OR 923
PSY 370,OR 923
PSY 380,OR 923
PSY 381,OR 923
PSY 481,OR 923
PSY 301,PSY 480
OR 924,PSY 480
PSY 380,OR 924
PSY 381,OR 924
PSY 481,OR 924
PSY 370,PSY 482
PSY 380,PSY 482
PSY 381,PSY 482
PSY 481,PSY 482
PSY 350,PSY 483
PSY 381,PSY 483
PSY 481,PSY 483
PSY 301,PSY 484
SOC 315,PSY 484
PSY 350,PSY 485
PSY 380,PSY 485
PSY 381,PSY 485
PSY 481,PSY 485
PSY 201,PSY 486
PSY 202,PSY 486
PSY 201,PSY 492
PSY 202,PSY 492
PSY 360,PSY 493
PSY 370,PSY 493
PSY 301,PSY 494
PSY 340,PSY 494
PSY 201,PSY 495
PSY 202,PSY 495
PSY 360,PSY 496
PSY 370,PSY 496
PSY 201,PSY 497
PSY 202,PSY 497
PSY 330,PSY 498
PSY 340,PSY 498
PSY 350,PSY 498
PSY 360,PSY 498
PSY 370,PSY 498
PSY 381,PSY 498
PSY 481,PSY 498
ST 511,PSY 514
ST 511,PSY 571
ST 512,PSY 571
PS 201,H 319
PSY 201,H 364
PSY 202,H 364
PSY 201,H 364H
PSY 202,H 364H
H 225,H 376
H 320,H 421
ST 201,H 425
ST 314,H 425
ST 351,H 425
H 210,H 432
OR 278,H 432
H 250,H 434
WR 222,H 434
H 250,H 436
H 320,H 449
BA 215,H 457
H 210,H 457
H 250,H 457
H 320,H 476
NUTR 225,H 477
H 535,H 525
H 525,H 526
HHS 514,H 530
HHS 514,H 536
H 525,H 537
H 535,H 537
HHS 513,H 537
H 560,H 551
H 580,H 551
H 525,H 552
H 535,H 552
HHS 514,H 552
H 525,H 554
H 535,H 554
HHS 514,H 554
HHS 514,H 555
H 525,H 555
H 535,H 555
H 525,H 560
H 525,H 562
H 535,H 562
H 514,H 562
HHS 514,H 563
H 525,H 563
H 535,H 563
H 515,H 575
HHS 514,H 575
OR 926,H 576
H 571,H 576
H 575,H 576
HHS 514,OR 926
OR 927,H 578
H 526,OR 927
OR 929,H 580
OR 929,H 584
OR 929,H 587
H 581,H 592
HHS 514,H 593
H 525,H 593
H 535,H 593
H 525,H 596
H 535,H 596
HHS 514,H 596
H 525,H 597
H 535,H 597
HHS 514,H 597
H 533,H 598
H 551,H 650
H 580,H 650
H 581,H 651
H 562,H 662
ECON 201,PPOL 421
PS 201,PPOL 421
SOC 204,PPOL 421
PPOL 421,PPOL 422
PPOL 521,PPOL 522
ECON 524,PPOL 522
OR 931,PPOL 622
PPOL 621,PPOL 622
OR 932,PPOL 622
ECON 524,OR 931
PPOL 522,OR 931
AEC 523,OR 932
AEC 525,OR 932
ANTH 591,PPOL 628
HDFS 538,PPOL 628
SOC 518,PPOL 628
QS 262,QS 476
FW 251,RNG 457
RNG 341,RNG 457
MTH 241,RNG 457
OR 933,RNG 457
FW 251,RNG 458
RNG 341,RNG 458
MTH 241,RNG 458
OR 933,RNG 458
ME 430,ROB 421
ST 314,ROB 456
RUS 111,RUS 112
RUS 112,RUS 113
SED 474,SED 476
SED 473,SED 477
SED 574,SED 576
SED 573,SED 577
SED 580,SED 611
SED 580,SED 612
SED 580,SED 613
SED 580,SED 621
SED 580,SED 622
SED 580,SED 623
SOC 204,SOC 312
SOC 204H,SOC 312
SOC 205,SOC 312
SOC 206,SOC 312
SOC 204,SOC 312H
SOC 204H,SOC 312H
SOC 204,SOC 313
SOC 204H,SOC 313
SOC 204,SOC 315
SOC 204H,SOC 315
OR 935,SOC 316
SOC 315,SOC 316
SOC 204,OR 935
SOC 204H,OR 935
SOC 204,SOC 340
SOC 204H,SOC 340
SOC 204,SOC 350
SOC 204H,SOC 350
SOC 204,SOC 355
SOC 204H,SOC 355
SOC 204,SOC 360
SOC 204H,SOC 360
SOC 204,SOC 381
SOC 204H,SOC 381
SOC 204,SOC 399
SOC 204H,SOC 399
SOC 204,SOC 399H
SOC 204H,SOC 399H
SOC 204,SOC 407
SOC 204H,SOC 407
SOC 204,SOC 413
SOC 204H,SOC 413
SOC 204,SOC 418
SOC 204H,SOC 418
SOC 204,SOC 422
SOC 204H,SOC 422
SOC 204,SOC 424
SOC 204H,SOC 424
SOC 204,SOC 426
SOC 204H,SOC 426
SOC 204,SOC 430
SOC 204H,SOC 430
SOC 205,SOC 430
SOC 206,SOC 430
SOC 204,SOC 432
SOC 204H,SOC 432
SOC 205,SOC 432
SOC 206,SOC 432
SOC 204,SOC 437
SOC 204H,SOC 437
SOC 204,SOC 438
SOC 204H,SOC 438
SOC 204,SOC 439
SOC 204H,SOC 439
SOC 205,SOC 439
SOC 206,SOC 439
SOC 204,SOC 440
SOC 204H,SOC 440
SOC 204,SOC 441
SOC 204H,SOC 441
SOC 204,SOC 442
SOC 204H,SOC 442
SOC 204,SOC 444
SOC 204,SOC 444H
SOC 204,SOC 449
SOC 204H,SOC 449
SOC 204,SOC 450
SOC 204H,SOC 450
SOC 204,SOC 452
SOC 204H,SOC 452
SOC 204,SOC 453
SOC 204H,SOC 453
SOC 204,SOC 454
SOC 204H,SOC 454
SOC 204,SOC 456
SOC 204H,SOC 456
SOC 204,SOC 460
SOC 204H,SOC 460
SOC 204,SOC 466
SOC 204H,SOC 466
SOC 204,SOC 470
SOC 204H,SOC 470
SOC 204,SOC 471
SOC 204H,SOC 471
SOC 204,SOC 472
SOC 204H,SOC 472
SOC 204,SOC 475
SOC 204H,SOC 475
SOC 204,SOC 480
SOC 204H,SOC 480
SOC 204,SOC 481
SOC 204H,SOC 481
CS 162,SE 201
CS 362,SE 303
CS 466,SE 467
SE 467,SE 468
SOIL 206,SOIL 205
FOR 206,SOIL 205
OR 937,SOIL 316
OR 943,SOIL 316
SOIL 205,OR 937
CSS 205,OR 937
CSS 305,OR 937
CSS 205,SOIL 360
OR 941,SOIL 360
SOIL 205,SOIL 366
CSS 205,SOIL 366
CSS 305,SOIL 366
OR 940,SOIL 388
OR 944,SOIL 388
OR 943,SOIL 388
OR 941,OR 940
CSS 205,OR 940
SOIL 205,OR 941
OR 942,OR 941
BOT 220,OR 944
OR 822,OR 944
OR 993,OR 944
CH 121,SOIL 395
CH 122,SOIL 395
CH 123,SOIL 395
CH 201,SOIL 395
CH 202,SOIL 395
CH 231,SOIL 395
CH 231H,SOIL 395
CH 232,SOIL 395
CH 232H,SOIL 395
CH 233,SOIL 395
CH 233H,SOIL 395
CSS 205,SOIL 435
CSS 305,SOIL 435
SOIL 205,SOIL 435
SOIL 205,SOIL 466
CSS 205,SOIL 466
CSS 305,SOIL 466
SOIL 466,SOIL 468
CSS 466,SOIL 468
SOIL 512,SOIL 514
CSS 566,SOIL 568
SOIL 566,SOIL 568
CSS 535,SOIL 635
SOIL 535,SOIL 635
SPAN 111,SPAN 112
SPAN 112,SPAN 113
SPAN 113,SPAN 211
SPAN 211,SPAN 212
SPAN 212,SPAN 213
SPAN 113,SPAN 221
SPAN 221,SPAN 222
SPAN 213,SPAN 311
SPAN 213,SPAN 312
SPAN 350,SPAN 453
SPAN 350,SPAN 456
ST 201,ST 202
MTH 252,ST 314
MTH 252H,ST 314
ST 351,ST 352
ST 351H,ST 352
ST 411,ST 412
ST 412,ST 413
ST 352,ST 415
ST 411,ST 415
ST 511,ST 415
ST 421,ST 422
ST 412,ST 435
ST 512,ST 435
ST 201,ST 439
ST 351,ST 439
ST 422,ST 441
ST 522,ST 441
ST 421,ST 443
ST 521,ST 443
ST 511,ST 512
ST 512,ST 513
ST 516,ST 517
ST 517,ST 518
ST 521,ST 522
ST 516,ST 525
ST 517,ST 525
ST 518,ST 525
ST 512,ST 537
ST 517,ST 537
ST 552,ST 537
ST 512,ST 538
ST 517,ST 538
ST 552,ST 538
ST 412,ST 538
ST 551,ST 552
ST 552,ST 553
ST 553,ST 555
ST 518,ST 558
ST 561,ST 562
ST 562,ST 563
ST 516,ST 566
ST 517,ST 566
ST 518,ST 566
ST 516,ST 595
ST 517,ST 595
ST 518,ST 595
ST 558,ST 595
ST 553,ST 623
ST 563,ST 623
ST 553,ST 625
ST 563,ST 625
ST 651,ST 652
ST 661,ST 662
ST 662,ST 663
SNR 511,SNR 506
TA 248,TA 249
TA 147,TA 344
TA 248,TA 348
TA 248,TA 349
TA 354,TA 454
TRAL 173,TRAL 218
PAC 173,TRAL 218
OR 949,TRAL 260
OR 948,TRAL 260
TRAL 115,TRAL 280
TRAL 118,TRAL 280
TRAL 173,TRAL 280
OR 949,TRAL 280
OR 948,TRAL 280
TRAL 251,TRAL 351
FES 251,TRAL 351
TRAL 280,TRAL 370
TOL 375,TRAL 370
TRAL 130,TRAL 374
TRAL 132,TRAL 374
TRAL 215,TRAL 374
TRAL 370,TRAL 377
TRAL 260,TRAL 377
TRAL 370,TRAL 379
TRAL 251,TRAL 456
FES 251,TRAL 456
TRAL 251,TRAL 457
FES 251,TRAL 457
TRAL 375,TRAL 478
TOL 375,TRAL 478
BB 350,TOX 411
BB 450,TOX 411
BB 490,TOX 411
TOX 411,TOX 413
BB 350,TOX 429
BB 450,TOX 429
BB 490,TOX 429
CH 123,TOX 430
CH 331,TOX 430
CH 331,TOX 455
BB 550,TOX 511
BB 590,TOX 511
TOX 511,TOX 512
TOX 511,TOX 513
TOX 514,TOX 611
VMB 517,VMB 518
VMB 518,VMB 519
VMB 611,VMB 622
VMB 736,VMB 756
VMB 751,VMB 768
VMC 778,VMC 712
VMC 783,VMC 726
VMC 796,VMC 749
VMC 732,VMC 752
VMC 734,VMC 754
VMC 735,VMC 755
VMC 735,VMC 758
VMC 725,VMC 793
VMC 785,VMC 793
WGSS 223,WGSS 319
WGSS 223H,WGSS 319
WGSS 223,WGSS 414
WGSS 223H,WGSS 414
WS 223,WGSS 416
WS 223H,WGSS 416
WS 224,WGSS 416
WGSS 223,WGSS 416
WGSS 223H,WGSS 416
WGSS 224,WGSS 416
WGSS 414,WGSS 418
WS 223,WGSS 430
WS 223H,WGSS 430
WGSS 223,WGSS 430
WGSS 223H,WGSS 430
WGSS 223,WGSS 460
WGSS 223H,WGSS 460
WGSS 224,WGSS 460
WGSS 223,WGSS 463
WS 223,WGSS 463
WGSS 224,WGSS 463
WS 224,WGSS 463
WS 223,WGSS 466
WS 223H,WGSS 466
WS 224,WGSS 466
WGSS 240,WGSS 466
WGSS 262,WGSS 466
WGSS 262H,WGSS 466
WGSS 270,WGSS 466
WGSS 280,WGSS 466
WGSS 280H,WGSS 466
WGSS 321,WGSS 466
WGSS 325,WGSS 466
WGSS 325H,WGSS 466
WGSS 340,WGSS 466
WGSS 340H,WGSS 466
WGSS 350,WGSS 466
WGSS 360,WGSS 466
WGSS 360H,WGSS 466
WGSS 364,WGSS 466
WGSS 364H,WGSS 466
WGSS 373,WGSS 466
WGSS 375,WGSS 466
WGSS 380,WGSS 466
WGSS 380H,WGSS 466
QS 262,WGSS 476
WGSS 223,WGSS 480
WGSS 223H,WGSS 480
WGSS 224,WGSS 480
WS 223,WGSS 480H
WS 223H,WGSS 480H
WS 224,WGSS 480H
WGSS 223,WGSS 480H
WGSS 223H,WGSS 480H
WGSS 224,WGSS 480H
OR 513,WGSS 485
OR 46,WGSS 485
WS 486,WGSS 487
WS 586,WGSS 487
WGSS 486,WGSS 487
WGSS 586,WGSS 487
WS 486,WGSS 488
WS 487,WGSS 488
WGSS 486,WGSS 488
WGSS 487,WGSS 488
WGSS 414,WGSS 498
WGSS 416,WGSS 498
WGSS 616,WGSS 617
CH 122,WSE 321
CH 202,WSE 321
CH 232,WSE 321
CH 232H,WSE 321
WSE 321,WSE 322
WSE 321,WSE 324
WSE 322,WSE 324
WSE 250,WSE 350
WSE 250,WSE 351
WSE 350,WSE 352
WSE 210,WSE 413
WSE 211,WSE 413
MTH 254,WSE 430
WSE 324,WSE 430
WSE 250,WSE 450
WSE 455,WSE 450
WSE 250,WSE 451
WSE 450,WSE 451
WSE 455,WSE 451
CE 381,WSE 458
WSE 210,WSE 461
WSE 321,WSE 461
WSE 324,WSE 461
WSE 461,WSE 462
WSE 462,WSE 463
OR 953,WSE 473
OR 954,OR 953
OR 955,OR 953
MTH 111,OR 954
MTH 112,OR 954
MTH 231,OR 954
MTH 241,OR 954
MTH 245,OR 954
MTH 251,OR 954
MTH 251H,OR 954
CH 122,OR 955
CH 222,OR 955
CH 232,OR 955
CH 232H,OR 955
WSE 513,WSE 516
WSE 514,WSE 516
OR 513,WLC 485
OR 46,WLC 485
WR 121,WR 214
WR 121H,WR 214
WR 121,WR 214
WR 121,WR 222
WR 121H,WR 222
WR 121,WR 222
WR 121,WR 224
WR 121H,WR 224
WR 121,WR 224
WR 121,WR 228
WR 121,WR 240
WR 121H,WR 240
WR 121,WR 241
WR 121H,WR 241
WR 121,WR 241
WR 121,WR 250
WR 121,WR 301
WR 121,WR 303
WR 121H,WR 303
WR 121,WR 323
WR 121H,WR 323
WR 121,WR 323
WR 224,WR 324
WR 121,WR 327
WR 121H,WR 327
WR 121,WR 327
WR 121,WR 327H
WR 121H,WR 327H
WR 121,WR 327H
WR 121,WR 329
WR 121H,WR 329
WR 121,WR 330
WR 121H,WR 330
WR 121,WR 330
WR 240,WR 340
WR 241,WR 341
WR 121,WR 353
WR 121,WR 362
WR 121H,WR 362
WR 121,WR 362H
WR 121H,WR 362H
OR 958,WR 383
OR 959,WR 383
WR 121,OR 958
WR 121H,OR 958
OR H,OR 959
C 199,OR 959
PHL 121,OR 959
WR 201,OR 959
WR 214,OR 959
WR 222,OR 959
WR 224,OR 959
WR 241,OR 959
WR 323,OR 959
WR 324,OR 959
WR 327,OR 959
WR 330,OR 959
WR 341,OR 959
WR 362,OR 959
WR 121,WR 414
WR 121H,WR 414
WR 324,WR 424
WR 340,WR 440
WR 341,WR 441
WR 121,WR 462
WR 121H,WR 462
WR 121,WR 466
WR 121H,WR 466
WR 121,WR 485
WR 121H,WR 485
WR 121,WR 497
WR 121H,WR 497
OR 183,Z 350
OR 993,Z 350
OR 183,Z 361
OR 993,Z 361
OR 970,Z 362
Z 361,OR 970
OR 1029,OR 970
OR 995,OR 970
OR 252,OR 970
OR 183,Z 364
OR 993,Z 364
OR 183,Z 365
OR 993,Z 365
OR 183,Z 371
OR 993,Z 371
Z 371,Z 372
OR 183,Z 372
OR 993,Z 372
OR 183,Z 374
OR 993,Z 374
OR 1017,Z 422
OR 1029,Z 422
OR 995,Z 422
OR 252,Z 422
OR 1009,Z 423
OR 82,Z 423
OR 261,Z 425
OR 101,Z 425
OR 1017,Z 431
OR 1029,Z 431
OR 995,Z 431
OR 252,Z 431
BB 314,Z 437
BB 314H,Z 437
OR 1018,Z 438
OR 1009,Z 438
OR 993,OR 1018
OR 1029,OR 1018
OR 995,OR 1018
OR 252,OR 1018
CH 123,Z 440
OR 1032,Z 440
OR 82,Z 440
Z 432,Z 442
OR 183,Z 461
OR 993,Z 461
OR 183,Z 473
OR 993,Z 473
OR 183,Z 477
OR 993,Z 477
