ALS 161,1
OR 1,2
ALS 162,1
ACTG 317,1
OR 3,1
OR 4,1
ACTG 318,1
ACTG 319,1
ACTG 321,1
ACTG 326,1
ACTG 378,1
OR 7,1
OR 8,1
OR 9,1
ACTG 378H,1
ACTG 379,1
OR 13,1
ACTG 414,1
ACTG 415,1
ACTG 416,1
ACTG 417,1
ACTG 418,1
ACTG 419,1
ACTG 420,1
OR 14,1
ACTG 422,3
ACTG 424,1
ACTG 425,2
ACTG 427,1
ACTG 428,1
ACTG 518,1
OR 15,1
ACTG 519,1
ACTG 524,1
AHE 523,1
AHE 524,1
OR 16,1
AHE 525,1
OR 17,1
AHE 533,1
AHE 615,1
OR 18,1
AHE 616,1
AHE 673,1
AHE 674,1
AHE 675,1
AAE 210,1
AAE 412,1
OR 19,1
OR 20,1
ASL 112,1
ASL 113,1
ASL 211,1
ASL 212,1
ASL 213,1
ANS 302,1
OR 21,1
OR 22,1
OR 23,1
ANS 311,1
ANS 316,1
OR 27,1
ANS 317,1
ANS 320,1
ANS 333,1
ANS 341,2
ANS 378,3
ANS 380,1
ANS 385,1
OR 36,1
ANS 390,1
ANS 427,2
ANS 432,2
ANS 440,1
ANS 441,2
ANS 446,1
ANS 456,1
OR 40,4
ANS 662,2
ANTH 318H,2
ANTH 332,1
ANTH 370,1
ANTH 371,1
ANTH 380H,1
ANTH 421,1
ANTH 422,1
ANTH 425,1
ANTH 430,2
ANTH 435,1
ANTH 437,1
ANTH 440,2
ANTH 441,1
OR 41,1
ANTH 442,1
ANTH 443,1
ANTH 444,2
ANTH 446,1
ANTH 448,1
OR 43,1
ANTH 461,3
ANTH 469,2
ANTH 483,1
ANTH 485,1
OR 46,1
OR 47,1
ANTH 487,2
ANTH 498,1
AEC 211,5
AEC 221,5
AEC 311,1
OR 48,1
OR 49,1
OR 50,2
OR 51,1
OR 52,1
AEC 313,1
OR 53,3
AEC 351,1
OR 54,1
AEC 352,4
AEC 353,1
AEC 372,2
AEC 434,2
AEC 440,2
AEC 446,2
AEC 448,3
AEC 452,4
AEC 461,1
OR 57,1
AEC 465,1
OR 58,1
AEC 466,1
OR 59,1
AEC 513,1
AEC 543,1
AEC 550,1
AEC 551,2
AEC 611,1
OR 60,1
AEC 612,1
AEC 613,1
AEC 625,1
AEC 626,1
AEC 640,3
AEC 643,2
AEC 651,1
AEC 652,1
OR 61,1
OR 62,1
AEC 653,2
AJ 311,1
AJ 312,1
AJ 313,2
AJ 490,1
ART 215,1
ART 222,1
ART 234,1
ART 271,2
ART 281,1
ART 291,1
ART 331,2
ART 334,1
ART 341,1
ART 345,1
ART 347,1
ART 348,1
ART 349,2
ART 351,1
ART 354,2
ART 375,4
ART 376,4
ART 377,4
ART 378,4
ART 379,1
ART 381,2
ART 382,1
ART 383,4
ART 384,1
ART 385,1
ART 391,1
ART 400,1
OR 63,1
ART 413,2
ART 441,1
ART 443,1
ART 444,1
ART 446,2
ART 447,2
ART 454,1
ART 456,3
ART 475,4
ART 479,1
ART 481,4
ART 491,1
ATS 295,2
ATS 301,2
ATS 302,1
ATS 310,1
OR 65,1
OR 66,7
ATS 411,1
OR 67,1
OR 68,1
ATS 412,1
OR 70,1
ATS 415,1
OR 72,2
OR 73,2
ATS 417,5
ATS 441,2
ATS 475,1
ATS 515,1
ATS 516,1
ATS 517,1
ATS 541,2
ATS 615,1
OR 76,1
BB 314,1
OR 78,1
OR 82,3
OR 83,1
BB 314H,1
OR 84,1
BB 315,2
BB 317,1
BB 331,1
OR 95,1
OR 96,1
BB 350,1
BB 360,1
OR 100,1
OR 101,1
BB 361,1
BB 450,1
BB 451,2
BB 460,5
BB 481,2
BB 482,2
BB 483,2
BB 484,1
OR 102,1
OR 103,1
OR 104,1
BB 485,2
BB 486,1
OR 105,1
OR 106,1
BB 490,1
BB 491,2
BB 492,1
OR 107,1
OR 108,1
BB 493,1
OR 109,1
BB 494,4
BB 582,1
BB 583,1
BB 591,1
BB 592,2
BHS 316,1
OR 110,1
OR 113,2
BHS 320,1
OR 114,1
BHS 323,1
OR 119,2
BHS 329,1
BHS 340,1
OR 123,3
BEE 221,1
BEE 311,1
OR 126,1
OR 128,1
BEE 312,4
BEE 313,1
BEE 320,1
BEE 322,1
BEE 361,1
BEE 411,1
BEE 433,2
BEE 438,2
BEE 439,1
BEE 446,2
BEE 458,2
BEE 468,2
BEE 469,1
BEE 470,1
BEE 472,1
OR 130,1
BEE 525,2
BIOE 340,1
OR 131,1
OR 132,1
BIOE 351,1
OR 133,2
OR 134,1
BIOE 415,1
BIOE 420,1
BIOE 440,1
BIOE 445,1
BIOE 457,1
BIOE 459,1
BIOE 462,1
BIOE 490,1
BIOE 491,1
BIOE 492,1
BI 205,1
OR 142,1
OR 143,4
BI 206,1
OR 144,1
BI 212,1
OR 147,1
OR 148,1
OR 150,3
BI 212H,1
OR 151,1
OR 152,1
BI 213,1
OR 155,1
OR 157,1
BI 213H,1
OR 158,1
BI 232,1
BI 233,1
BI 241,1
BI 242,3
BI 243,3
BI 311,1
BI 311H,1
BI 315,2
BI 317,1
BI 319,1
OR 177,1
BI 331,1
OR 181,1
OR 182,1
BI 332,2
BI 333,2
BI 347,8
BI 351,1
BI 353,1
BI 358,1
OR 201,1
BI 370,1
BI 370H,1
BI 371,2
BI 373,1
OR 214,3
BI 375,1
BI 420,4
BI 427,1
BI 445,2
BI 445H,2
BI 450,1
OR 226,1
BI 451,3
OR 229,1
OR 230,2
OR 231,1
OR 232,1
OR 233,2
OR 234,1
OR 235,1
OR 236,2
BI 456,1
OR 238,1
OR 239,1
BI 481,2
BI 483,1
OR 240,1
OR 243,1
BI 485,1
OR 244,2
OR 245,2
BI 495,2
BOT 313,1
OR 246,1
OR 248,1
OR 250,2
OR 251,2
BOT 331,1
OR 256,1
OR 257,1
BOT 350,1
BOT 413,5
BOT 458,2
BOT 460,1
OR 263,1
BOT 475,1
OR 265,1
BA 162,2
BA 162H,2
BA 168,1
BA 211,1
OR 266,1
BA 211H,1
BA 213,2
BA 213H,2
BA 223,2
BA 223H,2
BA 240,1
OR 268,1
BA 240H,1
BA 253,1
OR 271,1
OR 272,1
BA 253H,1
BA 270,1
BA 270H,1
BA 275,1
BA 275H,1
BA 276,1
BA 281,1
OR 275,1
BA 281H,1
BA 282,3
BA 284,3
BA 302,2
BA 302H,2
BA 333,1
OR 277,1
BA 333H,1
BA 347,1
OR 281,1
OR 282,1
BA 347H,1
BA 349,1
BA 352,1
OR 285,1
OR 286,1
BA 352H,1
BA 353,1
OR 289,1
OR 290,1
BA 354,1
BA 354H,1
BA 357,3
BA 357H,3
BA 360,1
OR 295,1
OR 296,1
BA 360H,1
BA 363,2
BA 368,1
BA 370,3
BA 371,1
OR 299,1
BA 372,1
BA 375,2
BA 375H,2
BA 376,1
BA 381,1
BA 390,3
BA 390H,3
BA 447,2
BA 451,2
BA 454,1
BA 458,4
BA 459,1
OR 301,1
BA 460,1
OR 302,1
OR 303,1
OR 304,1
BA 463,1
BA 464,1
OR 305,1
OR 307,1
BA 466,1
OR 308,1
OR 309,1
OR 310,1
OR 311,1
BA 466H,1
OR 313,1
BA 467,1
BA 468,1
BA 474,2
BA 475,2
BA 476,2
BA 478,1
BA 479,2
BA 480,1
BA 483,2
BA 487,2
BA 488,1
BA 552,2
BA 554,1
BA 557,3
BA 559,2
BA 570,1
BA 574,1
BA 575,1
BA 576,2
BA 577,3
BA 578,1
CBEE 102,1
CBEE 102H,1
CBEE 211,1
CBEE 211H,1
CBEE 212,1
OR 322,1
CBEE 212H,1
CBEE 213,2
CBEE 280,1
CBEE 320,3
CBEE 414,1
CBEE 414H,1
CBEE 416,1
CHE 311,1
OR 328,1
CHE 312,1
CHE 320,3
CHE 331,1
OR 331,2
CHE 331H,1
CHE 332,1
OR 334,1
CHE 332H,1
CHE 333,4
CHE 333H,4
CHE 334,1
OR 336,2
CHE 361,1
CHE 411,1
CHE 415,4
CHE 417,2
CHE 431,3
CHE 432,1
CHE 443,1
CHE 444,1
CHE 450,4
CHE 451,4
CHE 452,1
CHE 461,1
OR 343,2
CHE 542,1
CH 101,8
CH 122,1
OR 344,1
CH 123,1
OR 346,1
OR 347,1
OR 350,1
CH 124,1
CH 125,2
CH 201,1
CH 202,4
CH 205,1
CH 231,1
CH 231H,1
CH 232,1
CH 232H,1
CH 233,1
CH 233H,1
CH 262,5
CH 262H,5
CH 263,5
CH 263H,5
CH 272,3
CH 273,3
CH 324,1
OR 355,1
OR 357,1
CH 331,1
OR 358,1
CH 332,1
CH 334,1
CH 335,1
CH 336,1
CH 337,1
OR 364,1
OR 365,3
CH 361,1
OR 366,1
OR 367,1
OR 368,3
OR 369,1
OR 377,2
CH 361H,1
OR 378,1
CH 362,1
OR 390,1
CH 362H,1
CH 390,2
CH 412,1
CH 435,1
OR 392,1
CH 440,1
CH 441,1
OR 393,1
CH 442,1
CH 450,2
CH 461,1
OR 396,1
CH 461H,1
CH 462,1
OR 399,1
CH 462H,1
CH 463,1
CH 463H,1
CH 464,1
CH 464H,1
CH 471,2
CH 490,1
CH 512,1
CH 516,1
OR 408,2
CH 550,1
CH 633,1
CH 680,1
CHN 112,1
CHN 113,1
CHN 211,1
CHN 212,1
CHN 213,1
CHN 311,1
CHN 312,1
CHN 313,1
CCE 201,1
CCE 203,2
CCE 321,1
OR 409,1
OR 410,1
OR 411,1
CCE 321H,1
CCE 421,1
CCE 422,2
CCE 424,1
CCE 621,1
CE 202,3
CE 311,1
CE 313,3
CE 361,1
OR 415,1
CE 365,3
CE 372,1
OR 416,4
CE 373,2
CE 381,1
CE 382,1
OR 417,1
OR 418,1
CE 383,1
CE 392,1
OR 419,1
CE 411,2
CE 412,1
CE 415,1
CE 417,1
CE 418,1
OR 420,1
CE 419,1
CE 424,1
CE 427,1
OR 421,1
OR 422,1
OR 423,1
CE 461,3
CE 463,3
CE 465,3
CE 469,3
CE 471,2
CE 479,2
CE 481,1
CE 482,1
CE 484,2
CE 486,1
CE 491,2
CE 492,1
CE 514,1
CE 516,2
CE 518,1
CE 525,2
CE 530,1
CE 532,1
OR 424,1
CE 535,2
CE 538,1
OR 425,1
CE 576,2
CE 631,1
OR 426,1
CE 634,1
OR 427,1
CE 642,1
CE 643,1
CE 645,1
CE 647,1
COMM 312,4
COMM 314,2
COMM 318,2
COMM 332,1
COMM 414,1
COMM 416,1
COMM 418,1
COMM 422,1
COMM 426,2
COMM 430,1
COMM 432,1
COMM 454,1
COMM 456,1
COMM 458,1
COMM 459,1
COMM 460,1
COMM 462,1
COMM 464,1
COMM 466,1
COMM 470,2
CS 151,1
CS 161,1
CS 162,2
CS 165,1
CS 225,1
CS 261,1
OR 428,1
OR 429,1
CS 262,1
CS 271,4
CS 290,2
CS 295,1
CS 312,1
OR 430,1
CS 321,1
CS 321H,1
CS 325,1
CS 325H,1
CS 331,2
CS 340,1
CS 344,1
OR 435,1
CS 352,5
CS 361,1
CS 362,1
CS 370,1
CS 372,1
OR 436,1
CS 373,3
CS 381,1
CS 395,1
OR 438,1
CS 420,1
OR 440,1
CS 427,2
CS 434,2
CS 440,1
OR 441,1
CS 444,1
OR 443,1
CS 446,1
CS 447,1
CS 450,1
OR 444,1
CS 458,1
CS 461,1
CS 462,2
CS 463,1
CS 464,2
CS 467,3
CS 468,1
CS 472,1
CS 475,1
CS 476,1
OR 445,1
OR 446,1
CS 477,2
CS 478,2
CS 480,1
OR 447,1
CS 491,1
CS 492,1
CS 493,3
CS 496,2
CS 535,2
CS 560,1
CS 563,1
CS 582,1
CS 583,1
CS 585,1
CS 637,2
CEM 263,1
CEM 311,1
CEM 326,2
CEM 341,1
CEM 342,1
CEM 343,1
CEM 381,1
CEM 383,2
CEM 431,1
CEM 432,1
CEM 441,1
CEM 442,2
CEM 443,2
CEM 471,2
CEM 472,2
COUN 579,1
COUN 582,1
CSS 315,1
CROP 433,9
CROP 470,1
CROP 570,1
DSGN 253,1
OR 449,2
DSGN 282,3
DSGN 283,3
DSGN 284,3
DSGN 327,1
DSGN 328,1
DSGN 329,1
DSGN 330,1
DSGN 342,1
DSGN 343,1
DSGN 352,2
DSGN 355,2
DSGN 356,1
DSGN 357,2
DSGN 372,1
DSGN 377,2
DSGN 387,1
DSGN 388,1
DSGN 394,2
DSGN 427,1
DSGN 428,1
DSGN 429,1
DSGN 440,1
DSGN 441,1
DSGN 442,2
DSGN 464,3
DSGN 471,1
OR 450,1
DSGN 473,1
DSGN 488,2
DSGN 495,1
DHE 161,1
DHE 187,1
DHE 233,1
DHE 262,1
DHE 276,1
DHE 281,1
DHE 287,1
DHE 288,2
DHE 289,1
DHE 310,1
DHE 321,2
DHE 326,2
DHE 327,1
DHE 330,3
DHE 334,1
DHE 355,1
DHE 360,2
DHE 370,1
DHE 376,2
DHE 387,1
DHE 389,1
DHE 427,2
DHE 428,1
DHE 429,4
DHE 437,1
DHE 443,1
DHE 445,1
DHE 453,1
DHE 464,2
DHE 470,1
DHE 472,1
OR 451,1
DHE 476,1
DHE 481,1
DHE 488,1
DHE 572,1
ECON 311,2
ECON 315,1
ECON 329,1
OR 456,1
ECON 330,1
ECON 340,1
ECON 350,2
ECON 352,4
ECON 383,2
ECON 411,1
ECON 414,2
ECON 415,1
ECON 420,2
ECON 423,1
ECON 424,1
OR 466,1
OR 467,1
ECON 427,1
ECON 428,2
ECON 435,2
ECON 439,2
ECON 440,1
ECON 441,1
ECON 455,2
ECON 460,2
ECON 461,2
ECON 462,2
ECON 463,2
ECON 466,2
ECON 480,2
ECON 491,2
ECON 525,1
ED 414,1
ED 424,2
ED 451,1
ED 452,1
ED 468,1
ED 470,1
ED 471,1
ED 473,1
ED 476,1
ED 479,1
ED 514,1
ED 515,2
ED 532,1
ED 533,2
ED 538,1
ED 539,2
ED 551,1
ED 570,1
ED 571,1
ED 573,1
ED 576,1
ED 579,1
ED 586,2
ED 589,2
ED 652,1
ECE 112,1
ECE 271,1
ECE 322,1
ECE 322H,1
ECE 323,1
ECE 331,1
OR 469,1
ECE 332,1
ECE 341,2
ECE 342,1
ECE 351,1
ECE 352,1
OR 471,1
ECE 353,1
ECE 372,1
ECE 375,1
ECE 390,1
OR 474,1
ECE 391,1
ECE 411,1
ECE 413,1
OR 477,1
OR 478,2
OR 479,2
ECE 415,1
ECE 416,1
ECE 417,1
ECE 418,1
ECE 422,2
ECE 423,1
ECE 431,3
ECE 432,2
ECE 433,1
ECE 437,1
ECE 438,2
ECE 441,3
ECE 442,1
ECE 443,1
ECE 451,1
OR 484,1
OR 485,1
ECE 461,3
ECE 462,4
ECE 463,2
ECE 464,2
ECE 468,2
ECE 471,3
ECE 472,1
ECE 473,3
ECE 474,2
ECE 476,1
ECE 478,2
ECE 483,2
ECE 484,1
OR 489,1
ECE 485,2
ESE 330,1
ESE 355,2
ESE 360,1
OR 490,2
ESE 430,1
ESE 450,1
ESE 470,1
ESE 471,1
ESE 497,1
OR 491,1
OR 492,1
OR 493,1
OR 494,1
OR 495,1
ESE 498,4
ENGR 201,1
OR 497,1
ENGR 201H,1
ENGR 202,2
ENGR 203,1
OR 500,1
ENGR 211,1
ENGR 211H,1
ENGR 212,1
OR 504,1
ENGR 212H,1
ENGR 213,2
ENGR 213H,2
ENG 345,1
ENVE 321,1
ENVE 322,1
OR 507,1
OR 508,1
ENVE 415,1
ENVE 421,1
ENVE 422,1
ENVE 425,2
ENVE 431,1
OR 510,1
OR 511,1
OR 512,1
OR 513,1
ENVE 457,2
ENVE 490,2
ENVE 535,1
ENVE 542,1
ENVE 545,1
ES 485,1
FILM 310,2
FIN 340,1
OR 516,1
OR 517,1
FIN 340H,1
OR 519,1
FIN 341,6
FIN 342,6
FIN 438,2
FIN 439,2
FIN 440,1
FIN 441,6
FIN 442,1
FIN 443,2
FIN 444,1
FIN 445,1
OR 522,1
FIN 543,1
FIN 545,1
FIN 546,1
FIN 549,1
FIN 551,1
FIN 552,1
FIN 553,1
FW 209,1
FW 301,2
FW 316,1
OR 523,1
OR 524,1
OR 525,1
FW 320,3
FW 321,1
FW 366,1
OR 526,1
OR 527,1
FW 370,1
OR 528,1
OR 529,1
OR 530,1
FW 454,2
FW 456,2
FW 464,2
FW 473,1
FW 476,1
FW 477,1
FW 481,3
FW 488,2
FW 538,1
FCSJ 422,1
FCSJ 444,2
FCSJ 522,1
FST 360,1
OR 532,1
OR 533,1
FST 385,3
FST 420,1
OR 534,1
OR 535,1
FST 422,1
OR 536,1
OR 537,1
OR 538,1
FST 425,1
FST 430,5
FST 437,2
FST 438,1
FST 460,1
FST 461,1
OR 540,1
FST 466,1
FST 467,2
FST 479,1
OR 543,1
FST 490,2
FST 525,1
FST 538,1
FST 567,1
FST 620,1
FST 666,2
FES 202,1
FES 343,2
FES 412,5
FES 422,3
FES 433,1
FES 524,2
FES 527,1
FE 208,1
FE 209,1
FE 310,1
OR 544,1
FE 315,1
FE 316,2
FE 330,2
FE 370,2
FE 371,2
FE 415,1
FE 416,1
FE 423,5
FE 434,1
OR 547,1
OR 548,1
FE 436,1
FE 440,1
OR 550,1
FE 444,1
OR 551,1
OR 552,1
FE 457,2
FE 459,2
FE 469,2
FE 470,1
FE 479,2
FE 523,5
FOR 321,1
OR 554,1
OR 555,1
OR 556,1
FOR 322,1
OR 557,1
FOR 330,1
OR 559,1
FOR 331,2
FOR 413,5
FOR 417,1
OR 560,1
OR 562,1
OR 563,1
FOR 429,1
OR 564,1
FOR 431,4
FOR 441,1
OR 565,1
OR 566,1
FOR 442,1
OR 567,1
FOR 443,1
FOR 457,2
FOR 459,2
FOR 469,2
FOR 525,1
FR 112,1
FR 113,1
FR 211,1
FR 212,1
FR 213,1
FR 300,1
FR 311,1
FR 312,1
FR 313,1
FR 321,1
FR 322,1
FR 323,1
FR 336,1
FR 343,1
FR 411,1
FR 421,1
FR 422,1
FR 423,1
GEOG 323,3
GEOG 324,1
GEOG 330,4
GEOG 361,1
GEOG 370,2
GEOG 371,2
GEOG 424,1
GEOG 451,4
GEOG 462,3
GEOG 463,3
GEOG 464,4
GEOG 472,3
GEOG 480,2
GEOG 481,1
OR 571,1
OR 572,1
GEOG 495,2
GEOG 551,2
GEOG 561,1
GEOG 562,2
GEOG 563,2
GEOG 564,2
GEOG 581,1
GPH 632,1
GEO 295,1
GEO 309,2
GEO 310,1
OR 573,1
OR 574,1
OR 575,1
OR 577,2
GEO 315,1
GEO 322,1
OR 578,1
GEO 340,1
GEO 370,2
GEO 412,1
GEO 415,3
GEO 427,1
GEO 430,2
OR 581,1
OR 582,1
OR 583,1
OR 587,1
GEO 431,1
OR 588,1
OR 589,1
GEO 433,1
GEO 440,1
GEO 461,1
GEO 484,1
OR 595,1
OR 597,4
GEO 486,1
OR 598,1
OR 599,1
GEO 487,1
GEO 495,4
GEO 535,1
GER 112,1
GER 113,1
GER 211,1
GER 212,1
GER 213,1
GER 311,1
GER 312,1
GER 313,1
GER 332,1
GER 355,1
GER 411,1
GER 412,1
GER 413,1
GRAD 571,1
GRAD 607,2
GRAD 610,2
GD 126,4
GD 220,1
GD 224,3
GD 226,1
GD 228,1
GD 269,1
GD 312,1
GD 326,1
GD 327,1
GD 328,1
GD 419,1
GD 420,1
GD 424,1
GD 427,2
GD 430,1
HHS 514,1
HHS 517,1
HHS 578,1
HHS 579,2
HHS 580,2
HHS 584,1
HHS 590,1
HEBR 112,1
HEBR 113,2
HEBR 211,1
HEBR 212,1
HEBR 213,1
HST 426,1
HC 199,2
HORT 271,1
HORT 272,1
HORT 273,1
HORT 274,1
HORT 275,2
HORT 306,2
HORT 310,1
HORT 316,3
HORT 344,2
HORT 360,1
OR 603,1
HORT 433,8
HORT 453,1
HORT 454,1
HORT 456,1
HORT 481,1
HORT 482,7
HORT 485,1
HM 210,1
HM 230,1
HM 410,1
HDFS 209,1
HDFS 310,1
HDFS 330,1
HDFS 410,3
HDFS 430,1
HDFS 431,2
HDFS 433,3
HDFS 461,2
HDFS 462,2
HDFS 531,1
HDFS 532,1
HDFS 534,1
HDFS 539,1
HDFS 630,1
IE 212,1
IE 255,1
IE 285,2
IE 355,2
IE 356,2
IE 366,1
OR 604,1
IE 367,2
IE 368,1
IE 411,1
IE 412,1
IE 415,1
IE 418,1
IE 419,1
IE 425,1
OR 608,1
IE 426,1
IE 470,5
IE 471,5
IE 475,5
IE 519,1
IE 523,1
IE 553,1
IE 581,1
IE 583,1
IE 584,1
IE 585,1
IE 587,1
IE 588,3
IE 590,3
IE 591,1
IEPA 011NC,1
IEPA 014NC,1
IEPA 018NC,1
IEPA 021NC,1
IEPA 024NC,1
IEPA 028NC,1
IEPA 031NC,1
IEPA 034NC,1
IEPA 038NC,1
IEPA 041NC,1
IEPA 044NC,1
IEPA 048NC,1
IEPA 050NC,1
OR 610,1
IEPA 051NC,1
IEPA 060NC,1
IEPA 061NC,1
IEPG 010NC,1
OR 611,1
OR 612,2
OR 613,1
OR 614,2
IEPG 011NC,1
OR 615,1
OR 616,2
OR 617,2
OR 618,2
IEPG 017NC,1
OR 620,2
IEPG 020NC,1
OR 621,1
IEPG 021NC,1
OR 622,1
IEPG 027NC,1
OR 623,1
IEPG 030NC,1
OR 624,1
IEPG 031NC,1
OR 625,1
IEPG 037NC,1
OR 626,1
IEPG 040NC,1
OR 627,1
IEPG 041NC,1
OR 628,1
IEPG 051NC,1
OR 629,1
IEPH 010NC,1
OR 630,1
OR 632,1
OR 633,2
IEPH 011NC,1
OR 634,1
OR 636,2
OR 637,2
IEPH 017NC,1
OR 639,2
IEPH 020NC,1
OR 640,2
IEPH 021NC,1
OR 641,2
IEPH 027NC,1
OR 642,2
IEPH 030NC,1
OR 643,2
IEPH 031NC,1
OR 644,2
IEPH 037NC,1
OR 645,2
IEPH 040NC,1
OR 646,2
IEPH 041NC,1
OR 647,2
IEPH 050NC,1
OR 648,2
IEPH 051NC,1
OR 649,2
IT 112,1
IT 113,1
IT 211,1
IT 212,1
IT 213,1
JPN 112,1
JPN 113,1
JPN 211,1
JPN 212,1
JPN 213,1
JPN 311,1
JPN 312,1
JPN 411,1
JPN 412,1
JPN 413,1
KIN 232,1
OR 650,1
KIN 233,2
KIN 311,2
KIN 321,1
OR 651,1
OR 654,1
KIN 324,1
OR 655,1
OR 656,1
OR 657,1
OR 658,1
OR 659,1
KIN 325,2
KIN 334,1
KIN 341,2
KIN 343,1
OR 660,1
KIN 344,7
KIN 385,2
KIN 394,2
KIN 395,1
OR 661,1
OR 662,1
KIN 411,1
KIN 422,2
KIN 423,1
OR 663,1
OR 664,1
KIN 425,2
KIN 434,2
KIN 435,1
KIN 437,1
KIN 444,1
OR 667,1
KIN 462,2
KIN 474,1
KIN 475,1
OR 670,1
KIN 483,1
OR 672,1
OR 673,1
OR 674,1
OR 676,1
OR 677,1
OR 678,1
KIN 490,2
KIN 520,1
KIN 521,1
KIN 522,2
KIN 564,1
KIN 565,1
KIN 566,1
KIN 567,1
KIN 568,1
KIN 569,1
KIN 584,1
KIN 585,1
KIN 586,1
KOR 112,1
KOR 113,1
KOR 211,1
KOR 212,1
KOR 213,1
MGMT 364,3
MGMT 446,2
MGMT 448,2
MGMT 449,1
MGMT 452,3
MGMT 453,3
MGMT 455,2
MGMT 456,2
MGMT 457,2
MGMT 459,1
MGMT 477,2
MGMT 555,1
MGMT 571,1
MGMT 572,1
MGMT 575,1
MGMT 576,1
MFGE 285,2
MFGE 336,1
OR 681,1
MFGE 337,1
OR 682,1
MFGE 436,2
MFGE 437,1
OR 684,1
MFGE 438,2
MRKT 390,4
MRKT 396,1
OR 686,1
MRKT 477,2
MRKT 484,5
MRKT 485,5
MRKT 486,2
MRKT 488,5
MRKT 489,5
MRKT 491,5
MRKT 492,5
MRKT 493,5
MRKT 495,2
MRKT 496,2
MRKT 497,1
OR 688,1
OR 689,1
MRKT 498,5
MRKT 499,2
MRKT 581,2
MRKT 582,2
MRKT 584,1
MRKT 585,1
MRKT 586,1
MRKT 587,2
MRKT 592,1
MRKT 593,1
MNR 560,1
MATS 321,5
MATS 321H,5
MATS 322,1
OR 691,1
MATS 445,1
OR 692,1
MATS 455,1
OR 693,1
MATS 478,1
OR 694,1
OR 696,1
MATS 555,1
MTH 095,1
MTH 103,1
MTH 111,2
MTH 112,1
MTH 150X,1
MTH 211,4
MTH 212,1
MTH 227,2
MTH 228,2
MTH 231,1
MTH 231H,1
MTH 241,1
MTH 245,1
MTH 251,2
MTH 251H,2
MTH 252,2
MTH 252H,2
MTH 253,2
MTH 254,2
MTH 254H,2
MTH 255,2
MTH 255H,2
MTH 256,2
MTH 256H,2
MTH 264,2
MTH 264H,2
MTH 265,2
MTH 265H,2
MTH 306,2
MTH 306H,2
MTH 311,1
MTH 312,1
MTH 321,1
OR 698,2
OR 699,2
MTH 323,1
MTH 333,1
MTH 338,2
MTH 341,2
MTH 342,1
MTH 343,2
MTH 351,3
MTH 355,1
MTH 361,1
OR 702,2
MTH 390,2
MTH 411,2
MTH 412,2
MTH 413,2
MTH 419,1
MTH 420,1
MTH 427,1
MTH 428,1
OR 705,1
MTH 430,1
MTH 434,1
MTH 435,2
MTH 437,1
OR 707,1
MTH 440,3
MTH 441,1
OR 708,1
MTH 442,2
MTH 443,2
MTH 451,1
MTH 452,1
OR 710,1
OR 713,1
MTH 453,2
MTH 463,1
MTH 464,1
OR 714,1
MTH 465,2
MTH 467,3
MTH 480,1
MTH 481,1
OR 717,1
OR 718,1
OR 719,1
MTH 482,3
MTH 483,1
OR 722,1
MTH 491,1
MTH 492,2
MTH 493,2
MTH 512,1
MTH 513,1
MTH 537,2
MTH 622,1
MTH 623,2
MIME 497,1
OR 725,1
OR 726,1
OR 727,1
OR 730,1
MIME 498,2
ME 250,1
ME 311,1
ME 311H,1
ME 312,1
OR 738,1
ME 312H,1
ME 316,1
ME 317,1
ME 317H,1
OR 745,1
ME 331,1
OR 748,1
OR 752,1
ME 331H,1
OR 753,1
ME 332,1
OR 758,1
OR 761,1
OR 762,1
ME 332H,1
OR 763,1
ME 348,1
ME 373,1
OR 768,1
ME 373H,1
ME 382,1
ME 382H,1
ME 383,1
ME 383H,2
ME 411,1
OR 775,1
ME 412,1
ME 413,3
ME 420,1
ME 422,2
ME 422H,2
ME 424,2
ME 430,1
OR 780,1
ME 430H,1
ME 443,1
OR 787,1
OR 788,1
ME 444,1
OR 789,1
OR 790,4
ME 445,1
OR 792,1
ME 450,2
ME 451,1
ME 452,1
ME 452H,1
ME 453,1
ME 460,2
ME 461,1
ME 480,2
ME 484,2
ME 524,1
ME 532,1
ME 534,1
ME 564,1
OR 806,1
ME 568,1
ME 585,2
ME 615,1
ME 617,1
ME 667,1
OR 807,1
OR 808,1
MB 302,1
OR 809,1
OR 810,1
MB 303,1
MB 310,1
OR 816,1
OR 817,2
MB 311,1
MB 312,2
MB 314,1
OR 819,1
OR 820,1
OR 821,1
MB 320,1
MB 340,1
MB 385,1
OR 831,1
MB 416,2
MB 417,1
MB 420,1
MB 422,2
MB 430,1
OR 833,1
MB 434,1
OR 834,1
OR 835,1
OR 837,3
MB 435,1
OR 839,2
MB 436,4
MB 440,1
MB 441,1
MB 448,1
MB 456,1
OR 843,1
MB 479,1
MB 490,1
MB 541,1
MS 314,3
MCB 662,4
MUS 112,1
MUS 113,1
MUS 172,1
MUS 173,1
MUS 187,1
MUS 190,1
MUS 202,1
MUS 203,1
MUS 204,1
MUS 272,1
MUS 273,1
MUS 301,1
MUS 302,1
MUS 303,1
MUS 304,1
MUS 311,1
MUS 313,1
MUS 324,1
MUS 325,1
MUS 326,1
MUS 330,1
MUS 341,1
MUS 372,1
MUS 373,1
MUS 400,1
MUS 446,1
MUS 447,1
MUS 496,1
MUED 100,1
MUED 201,1
MUED 202,1
MUED 275,1
MUED 276,1
MUED 350,1
MUED 353,1
MUED 375,1
MUED 376,1
MUED 391,1
MUED 392,1
MUED 450,1
MUED 469,1
MUED 473,1
MUED 474,1
MUED 475,1
MUED 480,1
NR 325,1
NR 455,1
OR 846,1
NS 113,1
NS 212,1
NS 313,1
NS 323,1
NS 411,1
NS 413,1
NS 421,1
NMC 240,1
NMC 241,1
NMC 255,1
NMC 260,1
NMC 320,2
NMC 321,1
NMC 322,2
NMC 330,1
NMC 340,2
NMC 341,2
NMC 349,2
NMC 351,1
NMC 355,2
NMC 356,1
NMC 380,1
NMC 383,1
NMC 385,4
NMC 392,1
NMC 393,1
NMC 421,1
NMC 425,1
NMC 430,1
NMC 435,1
NMC 437,1
NMC 440,1
NMC 441,1
NMC 461,2
NMC 462,2
NMC 470,1
NMC 471,1
NMC 481,4
NMC 482,1
NMC 487,2
NMC 490,1
NMC 493,1
NMC 498,2
NSE 233,2
NSE 234,2
NSE 235,1
OR 847,1
NSE 236,3
NSE 311,1
OR 850,1
NSE 311H,1
NSE 312,1
OR 853,1
NSE 312H,1
OR 855,1
NSE 331,1
OR 860,1
NSE 331H,1
NSE 332,1
NSE 332H,1
NSE 415,1
NSE 435,1
OR 874,1
OR 875,1
NSE 440,3
NSE 451,1
OR 878,1
NSE 452,2
NSE 455,1
OR 879,1
NSE 456,2
NSE 457,1
OR 881,1
OR 882,1
NSE 467,6
NSE 473,2
NSE 474,1
NSE 475,1
OR 883,1
OR 884,1
NSE 481,3
NSE 483,3
NSE 488,3
NSE 516,1
OR 885,1
OR 886,1
NSE 517,1
NSE 519,1
NSE 533,1
NSE 534,1
NSE 536,4
NSE 537,3
NSE 541,3
NSE 542,3
NSE 543,3
NSE 544,1
OR 889,1
OR 890,1
NSE 545,1
OR 892,1
NSE 552,2
NSE 553,1
OR 893,1
OR 894,1
NSE 556,2
NSE 557,1
OR 895,1
NSE 561,1
OR 897,1
OR 898,1
NSE 562,4
NSE 563,2
NSE 568,1
NSE 573,2
NSE 575,1
OR 903,1
NSE 590,2
NSE 654,1
NSE 667,2
NUR 414,1
NUR 416,1
NUR 417,1
NUR 422,1
NUTR 235,1
NUTR 240,1
OR 909,1
OR 910,3
NUTR 241,1
NUTR 311,1
NUTR 312,2
NUTR 319,2
NUTR 325,1
OR 911,1
NUTR 341,2
NUTR 416,1
NUTR 417,1
NUTR 418,1
NUTR 423,1
NUTR 430,1
OR 912,1
OR 913,2
OR 914,1
NUTR 431,1
NUTR 432,1
NUTR 439,1
NUTR 446,1
NUTR 518,1
OC 295,1
OC 296,1
OC 334,1
OC 440,1
OC 449,1
OR 918,1
OR 920,3
OC 450,3
OC 521,1
OC 631,2
OC 634,2
OC 646,2
OC 671,1
OC 672,2
OC 673,3
OC 674,1
OC 675,1
OC 680,1
OC 681,1
PHL 390,1
PAC 153,1
PAC 156,1
PAC 160,1
PAC 161,1
PAC 163,1
PAC 165,2
PAC 166,1
PAC 167,2
PAC 168,1
PAC 170,1
PAC 171,1
PAC 288,1
PAC 302,1
PAC 316,1
PAC 317,2
PAC 321,1
PAC 323,1
PAC 326,1
PH 212,2
PH 212H,2
PH 365,1
PH 366,1
PH 367,1
PBG 450,1
PBG 551,2
PBG 552,1
PSY 298,1
OR 921,1
OR 922,1
OR 923,1
PSY 301,1
PSY 330,2
PSY 340,2
PSY 340H,2
PSY 350,2
PSY 360,2
PSY 360H,2
PSY 370,2
PSY 381,2
PSY 426,1
PSY 432,1
PSY 434,2
PSY 437,1
OR 925,1
PSY 440,2
PSY 442,1
PSY 444,2
PSY 448,2
PSY 454,1
PSY 456,1
PSY 458,1
PSY 460,2
PSY 463,1
PSY 464,1
PSY 466,23
PSY 467,1
PSY 468,1
PSY 470,1
OR 927,1
PSY 480,1
OR 928,1
PSY 482,4
PSY 483,3
PSY 484,2
PSY 485,4
PSY 486,2
PSY 492,2
PSY 493,2
PSY 494,2
PSY 495,2
PSY 496,2
PSY 497,2
PSY 498,7
PSY 514,1
PSY 571,2
H 319,1
H 364,2
H 364H,2
H 376,1
H 421,1
H 425,3
H 432,1
H 434,2
H 436,1
H 449,1
H 457,3
H 476,1
H 477,1
H 525,1
H 526,1
H 530,1
H 536,1
H 537,3
H 551,2
H 552,3
H 554,3
H 555,3
H 560,1
H 562,3
H 563,3
H 575,2
H 576,1
OR 930,1
H 578,1
OR 931,1
H 580,1
OR 932,1
H 584,1
H 587,1
H 592,1
H 593,3
H 596,3
H 597,3
H 598,1
H 650,2
H 651,1
H 662,1
PPOL 421,3
PPOL 422,1
PPOL 522,2
PPOL 622,1
OR 935,1
OR 936,2
PPOL 628,3
QS 476,1
RNG 457,1
RNG 458,1
ROB 421,1
ROB 456,1
RUS 112,1
RUS 113,1
SED 476,1
SED 477,1
SED 576,1
SED 577,1
SED 611,1
SED 612,1
SED 613,1
SED 621,1
SED 622,1
SED 623,1
SOC 312,4
SOC 312H,2
SOC 313,2
SOC 315,2
SOC 316,1
OR 939,1
SOC 340,2
SOC 350,2
SOC 355,2
SOC 360,2
SOC 381,2
SOC 399,2
SOC 399H,2
SOC 407,2
SOC 413,2
SOC 418,2
SOC 422,2
SOC 424,2
SOC 426,2
SOC 430,4
SOC 432,4
SOC 437,2
SOC 438,2
SOC 439,4
SOC 440,2
SOC 441,2
SOC 442,2
SOC 444,1
SOC 444H,1
SOC 449,2
SOC 450,2
SOC 452,2
SOC 453,2
SOC 454,2
SOC 456,2
SOC 460,2
SOC 466,2
SOC 470,2
SOC 471,2
SOC 472,2
SOC 475,2
SOC 480,2
SOC 481,2
SE 201,1
SE 303,1
SE 467,1
SE 468,1
SOIL 205,2
SOIL 316,1
OR 940,1
OR 941,1
SOIL 360,1
OR 943,1
SOIL 366,3
SOIL 388,1
OR 944,1
OR 945,1
OR 948,1
SOIL 395,11
SOIL 435,3
SOIL 466,3
SOIL 468,2
SOIL 514,1
SOIL 568,2
SOIL 635,2
SPAN 112,1
SPAN 113,1
SPAN 211,1
SPAN 212,1
SPAN 213,1
SPAN 221,1
SPAN 222,1
SPAN 311,1
SPAN 312,1
SPAN 453,1
SPAN 456,1
ST 202,1
ST 314,2
ST 352,2
ST 412,1
ST 413,1
ST 415,3
ST 422,1
ST 435,2
ST 439,2
ST 441,2
ST 443,2
ST 512,1
ST 513,1
ST 517,1
ST 518,1
ST 522,1
ST 525,3
ST 537,3
ST 538,4
ST 552,1
ST 553,1
ST 555,1
ST 558,1
ST 562,1
ST 563,1
ST 566,3
ST 595,4
ST 623,2
ST 625,2
ST 652,1
ST 662,1
ST 663,1
SNR 506,1
TA 249,1
TA 344,1
TA 348,1
TA 349,1
TA 454,1
TRAL 218,2
TRAL 260,1
OR 951,1
OR 952,1
TRAL 280,1
TRAL 351,2
TRAL 370,2
TRAL 374,3
TRAL 377,2
TRAL 379,1
TRAL 456,2
TRAL 457,2
TRAL 478,2
TOX 411,3
TOX 413,1
TOX 429,3
TOX 430,2
TOX 455,1
TOX 511,2
TOX 512,1
TOX 513,1
TOX 611,1
VMB 518,1
VMB 519,1
VMB 622,1
VMB 756,1
VMB 768,1
VMC 712,1
VMC 726,1
VMC 749,1
VMC 752,1
VMC 754,1
VMC 755,1
VMC 758,1
VMC 793,2
WGSS 319,2
WGSS 414,2
WGSS 416,6
WGSS 418,1
WGSS 430,4
WGSS 460,3
WGSS 463,4
WGSS 466,23
WGSS 476,1
WGSS 480,3
WGSS 480H,6
WGSS 485,1
WGSS 487,4
WGSS 488,4
WGSS 498,2
WGSS 617,1
WSE 321,4
WSE 322,1
WSE 324,2
WSE 350,1
WSE 351,1
WSE 352,1
WSE 413,2
WSE 430,2
WSE 450,2
WSE 451,3
WSE 458,1
WSE 461,3
WSE 462,1
WSE 463,1
WSE 473,1
OR 957,1
OR 958,1
OR 959,1
WSE 516,2
WLC 485,1
WR 214,3
WR 222,3
WR 224,3
WR 228,1
WR 240,2
WR 241,3
WR 250,1
WR 301,1
WR 303,2
WR 323,3
WR 324,1
WR 327,3
WR 327H,3
WR 329,2
WR 330,3
WR 340,1
WR 341,1
WR 353,1
WR 362,2
WR 362H,2
WR 414,2
WR 424,1
WR 440,1
WR 441,1
WR 462,2
WR 466,2
WR 485,2
WR 497,2
Z 350,1
Z 361,1
Z 362,1
OR 972,1
Z 364,1
Z 365,1
Z 371,1
Z 372,1
Z 374,1
Z 422,1
OR 1004,2
Z 423,1
OR 1011,1
OR 1012,2
Z 425,1
Z 431,1
Z 437,2
Z 438,1
OR 1020,1
OR 1025,1
Z 440,1
Z 442,1
Z 461,1
Z 473,1
Z 477,1
HORT 212,1
CROP 355,1
HORT 307,1
HORT 308,1
NS 111,1
CH 271,1
CH 221,1
CH 224H,1
NE 234,1
RHP 234,1
PH 213,1
CE 321,1
H 535,1
BB 590,1
BA 215,1
H 210,1
H 250,1
CE 630,1
OC 630,1
BI 211,1
BI 211H,1
WGSS 223,1
WGSS 223H,1
CH 261,1
CH 261H,1
ENGR 202H,1
ENGR 311,1
NE 311,1
NE 311H,1
WR 121,1
CH 421,1
MTH 534,1
BI 204,1
CH 223,1
CH 226H,1
NE 452,1
ENGR 321,1
ENGR 321H,1
ST 351,1
ST 351H,1
BA 272,1
BA 486,1
MTH 621,1
ART 263,1
MUS 371,1
SOC 204,1
SOC 204H,1
ME 560,1
CE 512,1
BEE 512,1
BI 231,1
Z 331,1
HORT 301,1
IEPA 024,1
CH 222,1
TRAL 111,1
PAC 111,1
HDFS 311,1
HDFS 331,1
ENGR 390,1
ENGR 391,1
FW 107,1
NE 455,1
BA 516,1
PSY 201,1
PSY 202,1
BA 481,1
ME 565,1
ME 566,1
ST 201,1
NE 552,1
BB 581,1
NE 536,1
RHP 536,1
TRAL 173,1
PAC 173,1
VMC 732,1
BA 550,1
NE 235,1
RHP 235,1
NMC 101,1
BA 348,1
ECON 524,1
ART 101,1
ED 472,1
GPH 630,1
ALS 150,1
ALS 151,1
ST 511,1
IEPG 027,1
ANTH 240,1
EXSS 324,1
BA 101,1
ECON 201,1
ECON 201H,1
AEC 250,1
AEC 250H,1
CS 534,1
ROB 537,1
VMC 783,1
WS 486,1
WS 487,1
WGSS 486,1
BB 550,1
TRAL 251,1
FES 251,1
DHE 461,1
DHE 462,1
GEOG 105,1
GEOG 106,1
GEO 105,1
GEO 106,1
ENGR 248,1
NE 553,1
ST 421,1
ST 521,1
WR 121H,1
BA 562,1
BI 341,1
MTH 150,1
ANTH 230,1
CSS 205,1
CH 271H,1
WGSS 224,1
COMM 321,1
MB 303H,1
MTH 253H,1
SED 474,1
GEO 202,1
GEO 203,1
BA 351,1
CHE 415H,1
DHE 170,1
NSE 551,1
NE 550,1
RHP 531,1
OC 670,1
IEPH 020,1
IE 112,1
FOR 112,1
EXSS 232,1
HST 103,1
ANTH 330,1
SED 580,1
HDFS 360,1
HDFS 361,1
FE 309,1
GEO 444,1
GEO 466,1
GEO 201,1
PAC 301,1
BB 451H,1
NSE 333,1
NE 333,1
RHP 333,1
NMC 301,1
NUR 413,1
AHE 522,1
IEPG 037,1
IEPH 051,1
BA 215H,1
BA 315,1
NUTR 225,1
BB 450H,1
WSE 250,1
MUS 213,1
IEPG 020,1
ED 572,1
ME 531,1
GEOG 580,1
GEO 544,1
IEPG 010,1
NE 331,1
NE 331H,1
ART 115,1
ART 131,1
PH 213H,1
CH 121,1
IE 582,1
CSS 305,1
COMM 320,1
BOT 341,1
DHE 160,1
KIN 312,1
EXSS 312,1
ART 340,1
AEC 512,1
NSE 574,1
NE 574,1
PAC 320,1
DSGN 255,1
DHE 255,1
FE 257,1
VMB 517,1
BA 365,1
IEPG 030,1
IEPH 030,1
BB 551,1
PS 201,1
ECON 202,1
ECON 202H,1
H 320,1
NS 311,1
IEPA 050,1
ST 411,1
WSE 455,1
WGSS 240,1
WGSS 262,1
WGSS 262H,1
WGSS 270,1
WGSS 280,1
WGSS 280H,1
WGSS 321,1
WGSS 325,1
WGSS 325H,1
WGSS 340,1
WGSS 340H,1
WGSS 350,1
WGSS 360,1
WGSS 360H,1
WGSS 364,1
WGSS 364H,1
WGSS 373,1
WGSS 375,1
WGSS 380,1
WGSS 380H,1
NSE 531,1
MP 531,1
MUS 123,1
CCE 207,1
CEM 407,1
BA 596,1
MRKT 596,1
IEPA 051,1
MTH 065,1
IEPG 040,1
IEPH 040,1
IEPG 017,1
ANTH 110,1
ANTH 210,1
PH 481,1
BI 342,1
ME 526,1
ME 575,1
WSE 210,1
GEOG 560,1
IEPG 006,1
IEPH 006,1
MUS 111,1
NSE 567,1
NE 567,1
FES 240,1
FOR 240,1
MTH 540,1
PAC 315,1
ANTH 591,1
HDFS 538,1
SOC 518,1
AEC 525,1
ENGR 322,1
VMB 611,1
IE 552,1
DHE 388,1
H 225,1
ED 584,1
ED 585,1
BA 528,1
MUS 201,1
PH 211,1
PH 211H,1
GEOG 360,1
GEO 365,1
GEO 465,1
ED 550,1
NE 531,1
ENSC 479,1
FE 460,1
FES 486,1
FOR 460,1
FW 435,1
FW 439,1
FW 497,1
HORT 318,1
MUS 171,1
PAC 158,1
PAC 159,1
MUS 121,1
ANTH 410,1
ES 410,1
WGSS 410,1
WLC 410,1
HM 101,1
ME 570,1
IEPG 021,1
Z 332,1
Z 333,1
Z 341,1
Z 342,1
Z 343,1
BA 280,1
BI 314,1
BI 314H,1
NE 551,1
KIN 511,1
BA 364,1
FIN 437,1
BA 437,1
PH 201,1
GRAD 560,1
GRAD 561,1
ED 413,1
NS 322,1
GEO 221,1
PBG 430,1
DHE 300,1
IEPH 027,1
ST 314H,1
COMM 111,1
COMM 111H,1
COMM 114,1
COMM 114H,1
COMM 218,1
COMM 218H,1
HHS 513,1
AREC 525,1
QS 262,1
IEPH 041,1
MATS 570,1
FOR 141,1
FES 141,1
FOR 241,1
FES 241,1
BI 302,1
FW 302,1
BA 230,1
BA 230H,1
BA 330,1
FST 537,1
DHE 245,1
DHE 277,1
CS 561,1
ANTH 350,1
MTH 552,1
GEO 480,1
GEO 578,1
IEPA 007,1
DHE 180,1
FE 102,1
CS 581,1
NE 332,1
NE 332H,1
VMC 735,1
AEC 523,1
AREC 250,1
JPN 111,1
CH 130,1
PH 202,1
PH 202H,1
KIN 370,1
KIN 510,1
NS 321,1
PSY 380,1
PSY 481,1
CSS 535,1
SOIL 535,1
TA 354,1
ENG 200,1
CSS 430,1
BB 593,1
ATS 420,1
ANS 220,1
PBG 530,1
ENGR 311H,1
ENGR 112,1
ENGR 112H,1
KIN 333,1
AREC 351,1
AREC 311,1
IEPG 031,1
IEPG 041,1
AEC 251,1
NUTR 517,1
IEPG 050,1
RUS 111,1
ST 661,1
HDFS 262,1
SOC 205,1
SOC 206,1
MTH 563,1
HDFS 530,1
BA 260,1
BA 260H,1
IEPH 037,1
EECS 161,1
ED 465,1
IEPH 010,1
CSS 466,1
AHE 611,1
IEPG 011,1
SOIL 206,1
FOR 206,1
CS 311,1
NE 451,1
ST 516,1
PAC 287,1
ART 117,1
IEPH 017,1
HEBR 111,1
EXSS 311,1
TRAL 110,1
PAC 110,1
H 581,1
BA 573,1
RHP 481,1
NE 481,1
NSE 555,1
NE 555,1
IEPH 011,1
TA 248,1
TRAL 115,1
TRAL 118,1
KIN 132,1
BI 109,1
SED 574,1
OEAS 530,1
DHE 394,1
SOIL 512,1
ED 407,1
ED 410,1
ME 517,1
CE 572,1
CE 577,1
AREC 352,1
MUS 186,1
AEC 300,1
AREC 300,1
MP 562,1
NMC 483,1
EXSS 325,1
IEPA 002,1
BA 560,1
IEPA 044,1
IEPA 048,1
MTH 581,1
ED 450,1
CHE 540,1
ANTH 373,1
ES 373,1
WLC 373,1
BA 540,1
ED 513,1
EXSS 321,1
BI 102,1
HORT 430,1
HORT 450,1
CSS 450,1
FILM 110,1
FILM 125,1
CE 585,1
CH 511,1
ENVE 541,1
ED 531,1
PPOL 621,1
FST 566,1
FW 315,1
NE 236,1
RHP 236,1
ASL 111,1
FIN 542,1
WSE 513,1
WSE 514,1
MUED 121,1
TOX 514,1
SNR 511,1
CHE 335,1
CROP 200,1
GEO 566,1
OC 678,1
HDFS 529,1
ANS 121,1
KOR 111,1
FCSJ 454,1
AREC 313,1
CH 225H,1
ENT 311,1
PBG 550,1
SPAN 350,1
DSGN 287,1
AREC 211,1
OC 201,1
BA 555,1
IEPH 021,1
IEPH 031,1
VMB 736,1
CE 534,1
ME 522,1
ST 561,1
DHE 283,1
ART 200,1
ART 206,1
ART 121,1
AHE 553,1
IE 518,1
COUN 578,1
WS 223,1
WS 223H,1
WS 224,1
ACTG 325,1
MTH 511,1
PH 201H,1
HHS 575,1
BI 343,1
DSGN 226,1
TRAL 375,1
TOL 375,1
BEE 222,1
OEAS 540,1
CH 542,1
WSE 211,1
GD 200,1
VMC 725,1
VMC 785,1
VMC 778,1
MUS 495,1
GEO 360,1
ECON 523,1
BA 341,1
IEPA 041,1
ATS 201,1
ECE 151,1
FST 522,1
BOT 220,1
IEPA 031,1
IEPA 014,1
IEPA 011,1
BA 551,1
BA 561,1
IE 521,1
ATS 320,1
DHE 280,1
SED 473,1
NE 474,1
RHP 474,1
MUS 445,1
FES 240H,1
HDFS 107,1
GEOG 102,1
GEO 102,1
TRAL 130,1
TRAL 132,1
TRAL 215,1
GEOG 201,1
GEO 301,1
IE 497,1
ME 497,1
FST 251,1
PAC 155,1
FW 251,1
RNG 341,1
CSS 566,1
SOIL 566,1
MP 541,1
SPAN 111,1
H 533,1
HDFS 313,1
NS 112,1
IEPA 038,1
FW 537,1
BA 367,1
ME 520,1
IEPA 021,1
NS 211,1
BB 493H,1
BA 161,1
BA 161H,1
DHE 227,1
H 571,1
MTH 592,1
IEPG 009,1
IEPH 009,1
CE 536,1
GEO 530,1
PSY 202H,1
MUS 271,1
WS 586,1
WGSS 586,1
HORT 270,1
IEPA 018,1
MB 230,1
WGSS 616,1
IEPG 051,1
EXSS 230,1
KIN 230,1
DSGN 276,1
MUED 326,1
BA 167,1
DHE 440,1
DHE 570,1
FES 485,1
VMB 751,1
CS 537,1
IEPA 034,1
ART 120,1
VMC 796,1
AHE 672,1
VMC 734,1
CS 195,1
FIN 550,1
BA 396,1
HORT 285,1
ANS 439,1
DSGN 472,1
ACTG 516,1
ACTG 517,1
DSGN 341,1
FE 308,1
CE 201,1
ED 537,1
GEOG 295,1
CH 411,1
CS 466,1
COUN 581,1
BI 101,1
BI 150,1
GEO 102H,1
AREC 550,1
PAC 303,1
PAC 329,1
DHE 250,1
ME 533,1
NSE 535,1
CHN 111,1
CE 547,1
BA 233,1
CH 632,1
MTH 541,1
GER 111,1
MUP 291,1
ANTH 251,1
ENGR 391H,1
ED 587,1
ED 588,1
AHE 612,1
AHE 613,1
AHE 614,1
KIN 314,1
EXSS 314,1
FR 111,1
MS 311,1
MS 312,1
MS 313,1
ENVE 532,1
FCSJ 554,1
JPN 313,1
PPOL 521,1
TA 147,1
HM 310,1
MP 481,1
ST 651,1
COMM 326,1
AREC 513,1
BA 590,1
FST 421,1
PP 531,1
DHE 271,1
MB 540,1
IEPA 028,1
H 515,1
PAC 154,1
ANTH 345,1
ANTH 383,1
PAC 152,1
IEPA 009,1
PHL 205,1
SED 573,1
MTH 105,1
OC 530,1
ART 204,1
ART 205,1
MNR 511,1
ST 551,1
GD 426,1
IT 111,1
H 514,1
FST 520,1
GD 230,1
FIN 499,1
MTH 591,1
ATS 520,1
MTH 564,1
CCE 523,1
PHL 121,1
GRAD 570,1
CS 275,1
FES 536,1
HORT 280,1
ANS 313,1
CH 221H,1
DHE 263,1
Z 432,1
