MTH 111,MTH 112
CS 362,CS 462
CS 461,CS 462
CS 261,CS 361
CS 261,CS 325
OR 661,CS 325
MTH 252,OR 452
MTH 252H,OR 452
OR 452,MTH 306
MTH 251,OR 66
MTH 251H,OR 66
ECE 375,CS 472
PH 211,OR 798
PH 211H,OR 798
OR 1132,MTH 111
OR 452,MTH 254H
ECE 375,ECE 472
CS 261,CS 321
OR 661,CS 321
OR 1612,WR 222
MTH 341,MTH 343
MTH 355,MTH 343
MTH 065,MTH 103
CS 261,CS 362
OR 452,MTH 253
MTH 251H,OR 509
CS 271,OR 681
ECE 375,OR 681
OR 1186,MTH 453
MTH 231,OR 1175
MTH 343,OR 1175
MTH 355,OR 1175
CS 311,OR 664
CS 344,OR 664
MTH 254,OR 95
MTH 254H,OR 95
CS 462,CS 463
MTH 256,OR 98
MTH 256H,OR 98
CS 162,OR 660
CS 165,OR 660
OR 1175,MTH 440
WR 121,OR 1612
WR 121H,OR 1612
WR 121,OR 1612
MTH 112,CS 165
OR 1162,MTH 351
CS 361,CS 461
OR 1182,OR 1180
OR 1183,OR 1180
OR 632,OR 1180
OR 1612,WR 214
MTH 253,OR 1162
MTH 306,OR 1162
MTH 306H,OR 1162
OR 687,CS 480
CS 321,CS 480
MTH 251,ECE 271
OR 752,ECE 271
OR 509,ECE 271
CS 261,CS 344
OR 670,CS 344
OR 660,CS 290
OR 452,MTH 264H
OR 452,MTH 306H
OR 95,MTH 256
OR 452,MTH 254
OR 452,MTH 265
OR 452,MTH 264
OR 609,CS 225
OR 660,CS 261
OR 661,CS 261
OR 66,MTH 252H
OR 1155,OR 1183
MTH 264,OR 1155
MTH 264H,OR 1155
OR 452,MTH 265H
MTH 111,OR 657
MTH 112,OR 657
MTH 251,OR 657
MTH 251H,OR 657
MTH 341,MTH 451
CS 290,CS 340
MTH 111,OR 609
MTH 112,OR 609
OR 658,CS 162
OR 1612,WR 327
CS 261,CS 372
OR 672,CS 372
OR 1134,MTH 251
MTH 265,OR 1166
MTH 265H,OR 1166
MTH 452,OR 1186
MTH 552,OR 1186
OR 66,MTH 252
OR 657,CS 151
OR 681,CS 444
OR 664,CS 444
CS 225,OR 661
MTH 231,OR 661
OR 1180,MTH 452
OR 98,MTH 452
OR 1166,MTH 452
OR 95,MTH 341
MTH 253,MTH 355
OR 798,PH 212
OR 452,ST 314
CS 161,OR 658
EECS 161,OR 658
MTH 112,MTH 231
MTH 112,OR 1134
MTH 150,OR 1134
MTH 231,OR 752
MTH 095,OR 1132
MTH 103,OR 1132
CS 151,OR 662
CS 161,OR 662
CS 165,OR 662
ECE 151,OR 662
MTH 065,MTH 095
ECE 271,ECE 375
OR 95,MTH 256H
MTH 306,OR 632
MTH 306H,OR 632
OR 1134,MTH 251H
CS 261,CS 381
OR 661,CS 381
CS 344,OR 687
CS 311,OR 687
CS 271,OR 670
ECE 271,OR 670
MTH 341,OR 1182
OR 662,CS 271
MTH 112,CS 161
ECE 271,OR 672
CS 271,OR 672
MTH 112,cs
CS 462,cs
CS 361,cs
CS 325,cs
OR 452,cs
MTH 306,cs
OR 66,cs
PH 211H,cs
CS 472,cs
OR 798,cs
MTH 111,cs
MTH 254H,cs
ECE 472,cs
MTH 150,cs
CS 321,cs
WR 222,cs
MTH 343,cs
MTH 103,cs
CS 362,cs
MTH 253,cs
OR 509,cs
COMM 114,cs
OR 681,cs
MTH 453,cs
PH 213,cs
CS 311,cs
OR 1175,cs
OR 664,cs
OR 95,cs
CS 463,cs
OR 98,cs
WR 121H,cs
OR 660,cs
MTH 440,cs
OR 1612,cs
MTH 552,cs
CS 165,cs
MTH 351,cs
CS 461,cs
OR 1180,cs
WR 214,cs
OR 1162,cs
CS 480,cs
ECE 271,cs
CS 344,cs
CS 290,cs
MTH 264H,cs
MTH 306H,cs
MTH 256,cs
MTH 254,cs
MTH 265,cs
MTH 264,cs
CS 225,cs
CS 261,cs
MTH 252H,cs
OR 1183,cs
OR 1155,cs
MTH 265H,cs
OR 657,cs
MTH 451,cs
CS 340,cs
OR 609,cs
CS 162,cs
WR 327,cs
CS 372,cs
PH 211,cs
MTH 251,cs
OR 1166,cs
OR 1186,cs
MTH 252,cs
CS 151,cs
CS 444,cs
MTH 065,cs
OR 661,cs
EECS 161,cs
MTH 452,cs
MTH 341,cs
MTH 355,cs
PH 212,cs
ST 314,cs
OR 658,cs
MTH 231,cs
OR 1134,cs
OR 752,cs
OR 1132,cs
OR 662,cs
MTH 095,cs
ECE 151,cs
ECE 375,cs
WR 121,cs
MTH 256H,cs
OR 632,cs
MTH 251H,cs
COMM 111,cs
CS 381,cs
OR 687,cs
OR 670,cs
OR 1182,cs
CS 271,cs
CS 161,cs
OR 672,cs
