CH 201,OR 499
OR 500,OR 499
MTH 111,CH 231
OR 101,CH 231
OR 507,CH 231
OR 508,CH 231
OR 509,CH 231
OR 510,CH 231
OR 511,CH 231
OR 513,CH 231
OR 98,CHE 331H
OR 470,CHE 331H
OR 470,CHE 331
OR 98,CHE 331
CH 331,CH 332
OR 514,CH 202
OR 798,ENGR 212
OR 173,ENGR 212
OR 542,CH 273
MTH 111,OR 609
MTH 112,OR 609
OR 537,CH 262
PH 211,OR 798
PH 211H,OR 798
CHE 333,OR 190
CHE 333H,OR 190
CH 334,CH 335
OR 135,BB 450
OR 548,CH 331
OR 543,CH 331
OR 539,CH 263
OR 1134,MTH 251H
CE 311,OR 621
CHE 331,OR 621
CHE 331H,OR 621
CH 262,OR 505
CH 262H,OR 505
CH 272,OR 505
CBEE 212,OR 470
OR 460,OR 470
MTH 256,CBEE 280
OR 456,CBEE 280
CH 271,OR 541
CH 221,OR 541
CH 224H,OR 541
CH 123,OR 809
CH 223,OR 809
CH 226H,OR 809
CH 233,OR 809
OR 609,CCE 201
OR 610,CCE 201
OR 508,CCE 201
CBEE 213,CHE 334
OR 479,CHE 334
OR 454,CBEE 212
OR 458,CBEE 212
OR 504,CH 233H
OR 534,CH 233H
ENGR 211,OR 173
ENGR 211H,OR 173
OR 477,CHE 333H
CH 202,OR 506
CH 205,OR 506
OR 1612,WR 327
OR 136,BB 451
CBEE 211,OR 454
CBEE 211H,OR 454
MTH 112,OR 450
MTH 251,OR 450
MTH 251H,OR 450
MTH 095,OR 1132
MTH 103,OR 1132
CBEE 213,CBEE 414
CHE 311,CBEE 414
OR 190,CBEE 414
OR 214,CH 232H
OR 234,CH 232H
MTH 254,OR 101
MTH 256,OR 458
OR 456,OR 458
OR 452,ENGR 211
CHE 331,OR 475
CHE 331H,OR 475
CEM 311,OR 626
OR 625,CE 372
CH 201,CE 372
PH 212,CE 372
OR 614,CE 372
OR 621,CE 313
OR 808,ENVE 431
MTH 112,OR 507
OR 452,MTH 254H
MTH 254H,OR 513
CH 263,OR 546
CH 263H,OR 546
CH 273,OR 546
OR 1132,MTH 111
CH 222,OR 805
CH 232,OR 805
CH 232H,OR 805
CH 225H,OR 805
OR 541,CH 272
OR 798,PH 212
OR 214,CH 232
OR 234,CH 232
OR 452,ENGR 211H
OR 805,OR 804
OR 98,OR 804
CH 222,OR 534
MTH 252,OR 510
MTH 111,CH 201
OR 507,CH 201
OR 508,CH 201
OR 509,CH 201
OR 510,CH 201
OR 511,CH 201
OR 513,CH 201
OR 101,CH 201
MTH 065,MTH 095
OR 452,CBEE 211
OR 506,OR 502
OR 954,OR 502
CH 335,CH 336
WR 121,OR 1612
WR 121H,OR 1612
WR 121,OR 1612
CH 123,OR 543
CH 223,OR 543
CH 226H,OR 543
OR 462,CBEE 320
ENVE 421,ENVE 422
OR 66,MTH 252H
CH 221,OR 214
OR 452,CBEE 211H
ENGR 213,OR 614
ENGR 213H,OR 614
OR 477,CHE 333
OR 190,BIOE 457
OR 150,BIOE 457
CH 233,OR 133
CH 233H,OR 133
OR 98,CHE 311
OR 462,CHE 311
MTH 251,OR 508
CH 232,OR 504
CH 232H,OR 504
CHE 333H,OR 188
MTH 254,OR 95
MTH 254H,OR 95
BB 450,OR 136
BB 450H,OR 136
PH 213,CE 311
ENGR 213,CE 311
ENGR 212,CE 311
OR 98,CE 311
OR 95,CH 440
BB 451,OR 150
BB 451H,OR 150
OR 98,ENVE 321
MTH 241,OR 610
CBEE 212H,OR 460
CE 313,CE 412
MTH 256,OR 98
MTH 256H,OR 98
CH 202,CH 205
ENVE 321,OR 807
ENVE 322,OR 807
CHE 311,CHE 332
OR 475,CHE 332
MTH 256H,OR 456
OR 66,MTH 252
OR 539,CH 263H
MTH 111,CH 231H
OR 101,CH 231H
OR 507,CH 231H
OR 508,CH 231H
OR 509,CH 231H
OR 510,CH 231H
OR 511,CH 231H
OR 513,CH 231H
MTH 252H,OR 511
MTH 251,OR 66
MTH 251H,OR 66
CBEE 212,CBEE 213
OR 460,CBEE 213
OR 173,ENGR 213
OR 133,OR 548
OR 546,OR 548
CHE 333,OR 479
OR 188,OR 479
CHE 311,CHE 332H
OR 475,CHE 332H
OR 173,CEM 311
OR 504,OR 954
OR 505,OR 954
CHE 331H,OR 628
CHE 331,OR 627
MTH 252,OR 452
MTH 252H,OR 452
CH 121,CH 122
OR 499,CH 122
CH 272,OR 542
CH 222,OR 542
CH 225H,OR 542
ENVE 322,ENVE 421
MTH 112,OR 1134
MTH 150,OR 1134
CH 122,CH 123
OR 502,CH 123
OR 804,ENVE 322
OR 809,OR 808
OR 810,OR 808
ENVE 421,OR 808
OR 807,OR 808
OR 1134,MTH 251
OR 95,MTH 256H
CBEE 212,OR 462
CBEE 212H,OR 462
CBEE 280,OR 462
OR 543,CH 334
OR 548,CH 334
MTH 251H,OR 509
CBEE 414,ENVE 415
OR 450,CBEE 102
CH 261,OR 537
CH 261H,OR 537
CH 271,OR 537
CH 221,OR 537
CH 224H,OR 537
CH 440,OR 810
CHE 331,OR 810
CHE 331H,OR 810
OR 537,CH 262H
OR 452,MTH 306
CHE 331,OR 477
CHE 331H,OR 477
CHE 332,OR 477
CHE 332H,OR 477
MTH 111,MTH 112
OR 534,CH 233
OR 504,CH 233
OR 458,CBEE 212H
OR 454,CBEE 212H
OR 452,MTH 254
ENVE 421,ENVE 490
ENVE 422,ENVE 490
MTH 111,MTH 241
OR 173,ENGR 213H
MTH 065,MTH 103
CH 121,OR 514
CH 201,OR 514
CH 231,OR 514
CH 231H,OR 514
CE 311,OR 625
OR 626,OR 625
OR 627,OR 625
OR 628,OR 625
OR 95,MTH 256
CH 262,OR 539
CH 262H,OR 539
CH 272,OR 539
CH 222,OR 539
CH 225H,OR 539
OR 807,ENVE 425
CH 231,OR 234
CH 231H,OR 234
CH 332,OR 135
CH 336,OR 135
OR 234,OR 500
OR 499,env_engr
CH 231,env_engr
CHE 331H,env_engr
MTH 065,env_engr
CHE 331,env_engr
CH 332,env_engr
CH 202,env_engr
ENGR 212,env_engr
CH 271,env_engr
CH 273,env_engr
OR 609,env_engr
CH 262,env_engr
OR 798,env_engr
OR 190,env_engr
CH 335,env_engr
BB 450,env_engr
CH 121,env_engr
CH 331,env_engr
CH 263,env_engr
MTH 251H,env_engr
OR 621,env_engr
OR 505,env_engr
OR 470,env_engr
CH 224H,env_engr
CBEE 280,env_engr
OR 541,env_engr
PH 213,env_engr
OR 809,env_engr
CH 223,env_engr
CCE 201,env_engr
WR 121H,env_engr
CHE 334,env_engr
CBEE 212,env_engr
CH 233H,env_engr
OR 173,env_engr
CHE 333H,env_engr
OR 506,env_engr
WR 327,env_engr
BB 451,env_engr
OR 454,env_engr
OR 450,env_engr
OR 1132,env_engr
CBEE 414,env_engr
CH 232H,env_engr
OR 101,env_engr
OR 458,env_engr
ENGR 211,env_engr
OR 475,env_engr
COMM 111,env_engr
OR 626,env_engr
CE 372,env_engr
CE 313,env_engr
GEO 221,env_engr
ENVE 431,env_engr
OR 507,env_engr
MTH 254H,env_engr
OR 513,env_engr
OR 546,env_engr
MTH 111,env_engr
OR 805,env_engr
CH 221,env_engr
CH 272,env_engr
PH 212,env_engr
CH 232,env_engr
ENGR 211H,env_engr
OR 804,env_engr
OR 534,env_engr
OR 510,env_engr
CH 201,env_engr
MTH 095,env_engr
CBEE 211,env_engr
OR 502,env_engr
CH 336,env_engr
BB 450H,env_engr
OR 1612,env_engr
OR 543,env_engr
CBEE 320,env_engr
ENVE 422,env_engr
MTH 252H,env_engr
OR 214,env_engr
MTH 150,env_engr
CBEE 211H,env_engr
OR 614,env_engr
CHE 333,env_engr
BIOE 457,env_engr
OR 133,env_engr
CHE 311,env_engr
OR 508,env_engr
OR 504,env_engr
OR 188,env_engr
CH 225H,env_engr
OR 95,env_engr
OR 136,env_engr
CE 311,env_engr
CH 222,env_engr
CH 440,env_engr
OR 150,env_engr
COMM 114,env_engr
ENVE 321,env_engr
OR 610,env_engr
OR 460,env_engr
CE 412,env_engr
OR 98,env_engr
CH 205,env_engr
OR 807,env_engr
CHE 332,env_engr
BB 451H,env_engr
OR 456,env_engr
MTH 252,env_engr
CH 263H,env_engr
CH 231H,env_engr
OR 511,env_engr
OR 66,env_engr
CH 261H,env_engr
CBEE 213,env_engr
ENGR 213,env_engr
CH 226H,env_engr
OR 548,env_engr
OR 479,env_engr
CHE 332H,env_engr
CEM 311,env_engr
OR 954,env_engr
OR 628,env_engr
OR 627,env_engr
OR 452,env_engr
CH 122,env_engr
OR 542,env_engr
ENVE 421,env_engr
OR 1134,env_engr
CH 123,env_engr
ENVE 322,env_engr
OR 808,env_engr
MTH 251,env_engr
MTH 256H,env_engr
OR 462,env_engr
CH 334,env_engr
OR 509,env_engr
ENVE 415,env_engr
CBEE 102,env_engr
OR 537,env_engr
PH 211,env_engr
OR 810,env_engr
PH 211H,env_engr
CH 262H,env_engr
MTH 306,env_engr
OR 477,env_engr
MTH 112,env_engr
CH 233,env_engr
CBEE 212H,env_engr
CH 261,env_engr
MTH 254,env_engr
ENVE 490,env_engr
MTH 241,env_engr
ENGR 213H,env_engr
MTH 103,env_engr
OR 514,env_engr
MB 230,env_engr
OR 625,env_engr
WR 121,env_engr
MTH 256,env_engr
OR 539,env_engr
ENVE 425,env_engr
OR 234,env_engr
OR 135,env_engr
OR 500,env_engr
