MTH 434,OR 1173
MTH 534,OR 1173
MTH 255,OR 759
MTH 255H,OR 759
MTH 252,OR 452
MTH 252H,OR 452
MTH 253,MTH 361
OR 1156,MTH 361
OR 1202,MTH 361
MTH 463,OR 1187
MTH 563,OR 1187
OR 95,MTH 256
OR 1134,MTH 251
OR 95,MTH 255H
MTH 253,OR 1194
MTH 253H,OR 1194
OR 452,MTH 338
OR 1182,OR 1180
OR 1183,OR 1180
OR 632,OR 1180
MTH 341,OR 1159
MTH 355,OR 1159
MTH 312,MTH 419
OR 1132,MTH 111
OR 1155,OR 1183
MTH 341,MTH 428
OR 1171,MTH 428
OR 1175,MTH 440
MTH 254,OR 95
MTH 254H,OR 95
MTH 306,OR 632
MTH 306H,OR 632
OR 95,MTH 255
OR 1193,OR 1192
OR 1156,OR 1192
OR 1186,MTH 453
OR 1189,MTH 467
MTH 095,OR 1133
MTH 103,OR 1133
MTH 111,OR 1133
MTH 112,OR 1133
OR 95,MTH 256H
OR 1178,MTH 443
OR 452,MTH 254H
MTH 342,OR 1178
MTH 343,OR 1178
MTH 341,MTH 427
OR 98,MTH 427
OR 1194,OR 1193
MTH 341,OR 1193
OR 1173,MTH 437
MTH 265,OR 1166
MTH 265H,OR 1166
MTH 341,MTH 342
OR 1162,MTH 351
MTH 253,OR 1199
OR 1202,OR 1199
OR 1156,OR 1199
MTH 264,OR 1155
MTH 264H,OR 1155
OR 66,MTH 252
MTH 065,MTH 103
MTH 341,MTH 323
OR 98,MTH 323
MTH 095,OR 1132
MTH 103,OR 1132
MTH 343,MTH 441
OR 1176,MTH 441
MTH 311,MTH 312
MTH 256,OR 98
MTH 256H,OR 98
MTH 253,MTH 355
MTH 452,OR 1186
MTH 552,OR 1186
MTH 311,MTH 430
MTH 342,OR 1176
MTH 440,OR 1176
MTH 540,OR 1176
MTH 341,MTH 451
OR 1133,MTH 211
MTH 231,OR 1175
MTH 343,OR 1175
MTH 355,OR 1175
OR 1177,MTH 442
OR 1199,MTH 483
OR 98,MTH 483
OR 452,MTH 254
MTH 111,MTH 112
MTH 463,OR 1189
MTH 563,OR 1189
ST 421,OR 1189
OR 452,MTH 264
OR 1187,MTH 464
MTH 341,MTH 464
MTH 341,MTH 321
OR 1156,MTH 321
OR 1183,MTH 321
OR 632,OR 1156
MTH 355,MTH 311
OR 95,MTH 311
OR 452,MTH 265
MTH 211,MTH 212
MTH 341,OR 1182
MTH 211,MTH 390
MTH 212,MTH 390
OR 452,MTH 253
OR 1166,OR 1202
MTH 112,OR 1134
MTH 150,OR 1134
OR 95,MTH 341
MTH 311,MTH 463
OR 1197,MTH 482
OR 1173,MTH 435
MTH 361,OR 1171
MTH 463,OR 1171
MTH 563,OR 1171
OR 452,MTH 306
OR 1159,MTH 333
MTH 112,MTH 231
MTH 065,MTH 095
OR 452,MTH 265H
OR 1134,MTH 251H
MTH 312,MTH 411
MTH 341,MTH 411
MTH 253,OR 1162
MTH 306,OR 1162
MTH 306H,OR 1162
OR 1180,MTH 452
OR 98,MTH 452
OR 1166,MTH 452
MTH 342,MTH 434
OR 759,MTH 434
OR 1192,MTH 481
OR 98,MTH 481
MTH 251,OR 66
MTH 251H,OR 66
OR 1188,MTH 465
OR 452,MTH 306H
MTH 341,MTH 480
OR 98,MTH 480
MTH 480,OR 1197
MTH 481,OR 1197
MTH 581,OR 1197
MTH 441,OR 1177
MTH 541,OR 1177
MTH 464,OR 1188
MTH 564,OR 1188
MTH 341,MTH 420
OR 98,MTH 420
OR 452,MTH 264H
OR 66,MTH 252H
MTH 341,MTH 343
MTH 355,MTH 343
OR 1173,math
MTH 534,math
OR 759,math
OR 452,math
MTH 361,math
OR 1187,math
MTH 256,math
MTH 251,math
MTH 255H,math
OR 1194,math
MTH 338,math
OR 1180,math
OR 1159,math
MTH 581,math
MTH 419,math
MTH 111,math
OR 1183,math
MTH 428,math
MTH 440,math
OR 95,math
MTH 540,math
OR 632,math
MTH 255,math
OR 1192,math
MTH 453,math
MTH 467,math
OR 1133,math
MTH 256H,math
MTH 443,math
MTH 254H,math
MTH 563,math
OR 1178,math
MTH 427,math
OR 1193,math
MTH 437,math
MTH 065,math
OR 1166,math
MTH 342,math
MTH 351,math
OR 1199,math
OR 1155,math
PH 211,math
MTH 252,math
MTH 103,math
MTH 323,math
OR 1132,math
MTH 441,math
MTH 312,math
OR 98,math
MTH 355,math
OR 1186,math
MTH 430,math
OR 1176,math
MTH 150,math
MTH 451,math
MTH 211,math
OR 1175,math
MTH 442,math
MTH 483,math
MTH 254,math
MTH 112,math
OR 1189,math
MTH 264,math
MTH 464,math
MTH 321,math
OR 1156,math
MTH 311,math
MTH 564,math
MTH 265,math
MTH 212,math
OR 1182,math
MTH 390,math
MTH 253,math
OR 1202,math
OR 1134,math
MTH 341,math
ST 421,math
MTH 463,math
MTH 482,math
MTH 552,math
MTH 435,math
OR 1171,math
MTH 306,math
MTH 333,math
MTH 231,math
MTH 095,math
MTH 265H,math
MTH 251H,math
MTH 411,math
OR 1162,math
MTH 452,math
MTH 434,math
MTH 541,math
MTH 481,math
OR 66,math
MTH 465,math
MTH 306H,math
MTH 480,math
OR 1197,math
OR 1177,math
OR 1188,math
MTH 420,math
MTH 253H,math
MTH 264H,math
MTH 252H,math
MTH 343,math
