OR 1173,1
MTH 534,1
OR 759,1
OR 452,1
MTH 361,1
OR 1187,1
MTH 256,1
MTH 251,1
MTH 255H,1
OR 1194,1
MTH 338,1
OR 1180,1
OR 1159,1
MTH 581,1
MTH 419,1
MTH 111,1
OR 1183,1
MTH 428,2
MTH 440,1
OR 95,1
MTH 540,1
OR 632,1
MTH 255,1
OR 1192,1
MTH 453,1
MTH 467,1
OR 1133,1
MTH 256H,1
MTH 443,1
MTH 254H,1
MTH 563,1
OR 1178,1
MTH 427,2
OR 1193,2
MTH 437,1
MTH 065,1
OR 1166,1
MTH 342,1
MTH 351,1
OR 1199,1
OR 1155,1
PH 211,1
MTH 252,1
MTH 103,1
MTH 323,2
OR 1132,1
MTH 441,2
MTH 312,1
OR 98,1
MTH 355,1
OR 1186,1
MTH 430,1
OR 1176,1
MTH 150,1
MTH 451,1
MTH 211,1
OR 1175,1
MTH 442,1
MTH 483,2
MTH 254,1
MTH 112,1
OR 1189,1
MTH 264,1
MTH 464,2
MTH 321,1
OR 1156,1
MTH 311,2
MTH 564,1
MTH 265,1
MTH 212,1
OR 1182,1
MTH 390,2
MTH 253,1
OR 1202,1
OR 1134,1
MTH 341,1
ST 421,1
MTH 463,1
MTH 482,1
MTH 552,1
MTH 435,1
OR 1171,1
MTH 306,1
MTH 333,1
MTH 231,1
MTH 095,1
MTH 265H,1
MTH 251H,1
MTH 411,2
OR 1162,1
MTH 452,3
MTH 434,2
MTH 541,1
MTH 481,2
OR 66,1
MTH 465,1
MTH 306H,1
MTH 480,2
OR 1197,1
OR 1177,1
OR 1188,1
MTH 420,2
MTH 253H,1
MTH 264H,1
MTH 252H,1
MTH 343,2
math,106
