OR 1612,WR 327
OR 452,MTH 265H
OR 452,MTH 306H
OR 95,MTH 256
OR 452,MTH 253
MTH 253,MTH 355
OR 1155,OR 1183
OR 95,MTH 256H
MTH 252,OR 452
MTH 252H,OR 452
MTH 341,MTH 451
PH 211,OR 798
PH 211H,OR 798
OR 452,MTH 254H
OR 658,CS 162
OR 1180,MTH 452
OR 98,MTH 452
OR 1166,MTH 452
OR 657,CS 151
MTH 231,OR 1175
MTH 343,OR 1175
MTH 355,OR 1175
MTH 264,OR 1155
MTH 264H,OR 1155
ECE 271,ECE 375
CS 151,OR 662
CS 161,OR 662
CS 165,OR 662
ECE 151,OR 662
CS 261,CS 372
OR 672,CS 372
OR 662,CS 271
CS 462,CS 463
MTH 112,CS 165
MTH 231,OR 752
OR 1162,MTH 351
CS 161,OR 658
EECS 161,OR 658
OR 66,MTH 252H
MTH 341,MTH 343
MTH 355,MTH 343
OR 1134,MTH 251H
CS 162,OR 660
CS 165,OR 660
MTH 341,OR 1182
OR 798,PH 212
CS 261,CS 361
ECE 271,OR 672
CS 271,OR 672
OR 452,MTH 265
MTH 251,OR 66
MTH 251H,OR 66
MTH 452,OR 1186
MTH 552,OR 1186
OR 1132,MTH 111
OR 1182,OR 1180
OR 1183,OR 1180
OR 632,OR 1180
CS 362,CS 462
CS 461,CS 462
CS 290,CS 340
MTH 254,OR 95
MTH 254H,OR 95
MTH 112,CS 161
CS 225,OR 661
MTH 231,OR 661
CS 261,CS 325
OR 661,CS 325
MTH 112,OR 1134
MTH 150,OR 1134
MTH 112,MTH 231
MTH 306,OR 632
MTH 306H,OR 632
MTH 065,MTH 095
MTH 111,OR 657
MTH 112,OR 657
MTH 251,OR 657
MTH 251H,OR 657
MTH 111,MTH 112
MTH 065,MTH 103
OR 452,MTH 306
CS 361,CS 461
OR 1612,WR 222
MTH 095,OR 1132
MTH 103,OR 1132
CS 344,OR 687
CS 311,OR 687
OR 1612,WR 214
MTH 253,OR 1162
MTH 306,OR 1162
MTH 306H,OR 1162
MTH 251,ECE 271
OR 752,ECE 271
OR 509,ECE 271
OR 687,CS 480
CS 321,CS 480
WR 121,OR 1612
WR 121H,OR 1612
WR 121,OR 1612
OR 609,CS 225
CS 271,OR 670
ECE 271,OR 670
OR 66,MTH 252
CS 311,OR 664
CS 344,OR 664
OR 1175,MTH 440
CS 261,CS 362
OR 95,MTH 341
CS 261,CS 321
OR 661,CS 321
OR 452,MTH 254
MTH 265,OR 1166
MTH 265H,OR 1166
OR 452,ST 314
OR 660,CS 261
OR 661,CS 261
ECE 375,CS 472
OR 452,MTH 264
OR 452,MTH 264H
MTH 111,OR 609
MTH 112,OR 609
MTH 251H,OR 509
CS 271,OR 681
ECE 375,OR 681
CS 261,CS 381
OR 661,CS 381
OR 681,CS 444
OR 664,CS 444
CS 261,CS 344
OR 670,CS 344
OR 660,CS 290
OR 1186,MTH 453
ECE 375,ECE 472
OR 1134,MTH 251
MTH 256,OR 98
MTH 256H,OR 98
WR 327,cs
MTH 265H,cs
MTH 306H,cs
MTH 256,cs
MTH 253,cs
MTH 355,cs
OR 1183,cs
MTH 256H,cs
MTH 065,cs
OR 452,cs
MTH 451,cs
OR 798,cs
MTH 254H,cs
CS 162,cs
MTH 452,cs
CS 151,cs
OR 1175,cs
OR 1155,cs
ECE 375,cs
OR 662,cs
CS 372,cs
CS 271,cs
CS 463,cs
CS 165,cs
OR 752,cs
MTH 351,cs
MTH 552,cs
OR 658,cs
CS 311,cs
EECS 161,cs
MTH 252H,cs
MTH 343,cs
MTH 251H,cs
OR 660,cs
OR 1182,cs
PH 212,cs
CS 361,cs
OR 672,cs
MTH 265,cs
OR 66,cs
OR 1186,cs
MTH 111,cs
OR 1180,cs
CS 462,cs
CS 340,cs
OR 95,cs
CS 161,cs
OR 661,cs
PH 213,cs
CS 325,cs
OR 1134,cs
MTH 231,cs
OR 632,cs
MTH 095,cs
OR 657,cs
MTH 112,cs
MTH 103,cs
MTH 306,cs
CS 461,cs
WR 222,cs
OR 1132,cs
OR 687,cs
WR 214,cs
OR 1162,cs
MTH 150,cs
WR 121H,cs
ECE 271,cs
PH 211,cs
CS 480,cs
OR 1612,cs
CS 225,cs
OR 670,cs
MTH 252,cs
OR 664,cs
WR 121,cs
MTH 440,cs
COMM 114,cs
CS 362,cs
MTH 341,cs
CS 321,cs
MTH 254,cs
OR 1166,cs
ST 314,cs
CS 261,cs
CS 472,cs
MTH 264,cs
MTH 264H,cs
OR 609,cs
OR 509,cs
OR 681,cs
COMM 111,cs
ECE 151,cs
CS 381,cs
CS 444,cs
CS 344,cs
CS 290,cs
MTH 453,cs
ECE 472,cs
PH 211H,cs
MTH 251,cs
OR 98,cs
MTH 252H,OR 511
CH 271,OR 541
CH 221,OR 541
CH 224H,OR 541
MTH 254,OR 101
CH 262,OR 539
CH 262H,OR 539
CH 272,OR 539
CH 222,OR 539
CH 225H,OR 539
OR 214,CH 232
OR 234,CH 232
PH 213,PH 367
OR 214,CH 232H
OR 234,CH 232H
OR 537,CH 262
MTH 254H,OR 513
PH 213,PH 366
MTH 251,OR 508
MTH 112,OR 507
MTH 252,OR 510
OR 537,CH 262H
OR 95,MTH 255
PH 213,PH 365
OR 539,CH 263
CH 261,OR 537
CH 261H,OR 537
CH 271,OR 537
CH 221,OR 537
CH 224H,OR 537
MTH 111,CH 231H
OR 101,CH 231H
OR 507,CH 231H
OR 508,CH 231H
OR 509,CH 231H
OR 510,CH 231H
OR 511,CH 231H
OR 513,CH 231H
CH 232,OR 504
CH 232H,OR 504
CH 222,OR 534
CH 221,OR 214
OR 534,CH 233
OR 504,CH 233
MTH 111,CH 231
OR 101,CH 231
OR 507,CH 231
OR 508,CH 231
OR 509,CH 231
OR 510,CH 231
OR 511,CH 231
OR 513,CH 231
OR 541,CH 272
CH 231,OR 234
CH 231H,OR 234
OR 1134,physics
OR 511,physics
MTH 256,physics
MTH 095,physics
MTH 253,physics
MTH 112,physics
OR 541,physics
MTH 103,physics
MTH 306,physics
OR 452,physics
OR 101,physics
OR 539,physics
MTH 065,physics
CH 232,physics
OR 798,physics
PH 481,physics
MTH 254H,physics
OR 1132,physics
CH 222,physics
PH 367,physics
MTH 150,physics
CH 232H,physics
CH 262,physics
PH 211,physics
OR 513,physics
PH 366,physics
OR 508,physics
OR 507,physics
MTH 252,physics
OR 510,physics
CH 262H,physics
MTH 255,physics
CH 221,physics
PH 365,physics
MTH 341,physics
CH 263,physics
OR 537,physics
CH 231H,physics
MTH 254,physics
MTH 252H,physics
MTH 251H,physics
PH 212,physics
CH 224H,physics
OR 504,physics
MTH 265,physics
MTH 264,physics
OR 66,physics
MTH 111,physics
CH 261H,physics
OR 534,physics
CH 261,physics
CH 225H,physics
OR 214,physics
OR 509,physics
CH 233,physics
OR 95,physics
CH 231,physics
CH 271,physics
CH 272,physics
PH 213,physics
OR 234,physics
PH 211H,physics
MTH 251,physics
